-- MySQL dump 10.9
--
-- Host: localhost    Database: satt_standa
-- ------------------------------------------------------
-- Server version	4.1.22-log

/*!40101 SET @OLD_CHARACTER_SET_CLIENT=@@CHARACTER_SET_CLIENT */;
/*!40101 SET @OLD_CHARACTER_SET_RESULTS=@@CHARACTER_SET_RESULTS */;
/*!40101 SET @OLD_COLLATION_CONNECTION=@@COLLATION_CONNECTION */;
/*!40101 SET NAMES utf8 */;
/*!40014 SET @OLD_UNIQUE_CHECKS=@@UNIQUE_CHECKS, UNIQUE_CHECKS=0 */;
/*!40014 SET @OLD_FOREIGN_KEY_CHECKS=@@FOREIGN_KEY_CHECKS, FOREIGN_KEY_CHECKS=0 */;
/*!40101 SET @OLD_SQL_MODE=@@SQL_MODE, SQL_MODE='NO_AUTO_VALUE_ON_ZERO' */;
/*!40111 SET @OLD_SQL_NOTES=@@SQL_NOTES, SQL_NOTES=0 */;

--
-- Table structure for table `tab_autori_campos`
--

DROP TABLE IF EXISTS `tab_autori_campos`;
CREATE TABLE `tab_autori_campos` (
  `cod_autori` int(4) NOT NULL default '0',
  `nom_autori` varchar(100) collate latin1_spanish_ci NOT NULL default '',
  `usr_creaci` varchar(15) collate latin1_spanish_ci NOT NULL default 'Administrador',
  `fec_creaci` datetime NOT NULL default '0000-00-00 00:00:00',
  `usr_modifi` varchar(15) collate latin1_spanish_ci default NULL,
  `fec_modifi` datetime default NULL,
  PRIMARY KEY  (`cod_autori`)
) ENGINE=InnoDB DEFAULT CHARSET=latin1 COLLATE=latin1_spanish_ci COMMENT='Tabla Maestra Niveles de Autorizacion';

--
-- Dumping data for table `tab_autori_campos`
--

LOCK TABLES `tab_autori_campos` WRITE;
/*!40000 ALTER TABLE `tab_autori_campos` DISABLE KEYS */;
INSERT INTO `tab_autori_campos` VALUES (1,'Despachos -> Registro Despacho->Habilitar Fecha Manifiesto','Administrador','2007-01-26 00:00:00',NULL,NULL),(2,'Despachos -> Plan de Ruta -> Permitir Seleccionar Fecha Posterior en la Salida de Despachos','Administrador','0000-00-00 00:00:00',NULL,NULL),(3,'Plan de Ruta -> Imprimir -> Imprimir Puestos de Control Virtuales','Administrador','2008-04-09 00:00:00',NULL,NULL),(4,'Recursos -> Vehiculos -> Identificar Los Ultimos Vehiculos Ingresados','Administrador','2008-04-21 00:00:00',NULL,NULL);
/*!40000 ALTER TABLE `tab_autori_campos` ENABLE KEYS */;
UNLOCK TABLES;

--
-- Table structure for table `tab_factur_factur`
--

DROP TABLE IF EXISTS `tab_factur_factur`;
CREATE TABLE `tab_factur_factur` (
  `num_despac` int(11) NOT NULL default '0' COMMENT 'numero de despacho',
  `cod_tercer` varchar(10) collate latin1_spanish_ci NOT NULL default '' COMMENT 'codigo del tercero',
  `fec_despac` datetime NOT NULL default '0000-00-00 00:00:00' COMMENT 'fecha de salida del despacho',
  `cod_ciuori` int(11) NOT NULL default '0' COMMENT 'ciudad de origen',
  `cod_ciudes` int(11) NOT NULL default '0' COMMENT 'codigo de ciudad de destino',
  `cod_tarifa` int(11) default NULL COMMENT 'codigo de la tarifa',
  `cod_consec` int(11) default NULL COMMENT 'codigo de consecutivo',
  `fec_creaci` datetime NOT NULL default '0000-00-00 00:00:00' COMMENT 'fecha de creacion ',
  `usr_creaci` varchar(15) collate latin1_spanish_ci NOT NULL default '' COMMENT 'usuario de creacion',
  PRIMARY KEY  (`num_despac`,`cod_tercer`)
) ENGINE=InnoDB DEFAULT CHARSET=latin1 COLLATE=latin1_spanish_ci;

--
-- Dumping data for table `tab_factur_factur`
--

LOCK TABLES `tab_factur_factur` WRITE;
/*!40000 ALTER TABLE `tab_factur_factur` DISABLE KEYS */;
INSERT INTO `tab_factur_factur` VALUES (191423,'800021603','2011-12-22 15:33:00',23001000,76001000,0,0,'2012-01-24 11:58:05','DESARROLLO'),(191790,'800021603','2011-12-23 09:46:00',8001000,76001000,0,0,'2012-01-24 11:58:05','DESARROLLO'),(191831,'800021603','2011-12-23 10:44:00',76001000,86001000,0,0,'2012-01-24 11:58:05','DESARROLLO'),(191934,'800021603','2011-12-23 13:30:00',8001000,76001000,0,0,'2012-01-24 11:58:05','DESARROLLO'),(192378,'800021603','2011-12-26 08:52:00',8001000,76001000,0,0,'2012-01-24 11:58:05','DESARROLLO'),(192380,'800021603','2011-12-26 08:59:00',68001000,76001000,0,0,'2012-01-24 11:58:05','DESARROLLO'),(192386,'800021603','2011-12-26 09:08:00',68001000,76001000,0,0,'2012-01-24 11:58:05','DESARROLLO'),(193128,'800021603','2011-12-27 11:39:00',76001000,5001000,0,0,'2012-01-24 11:58:05','DESARROLLO'),(193137,'800021603','2011-12-27 11:48:00',11001000,76001000,0,0,'2012-01-24 11:58:05','DESARROLLO'),(193150,'800021603','2011-12-27 12:01:00',23001000,76001000,0,0,'2012-01-24 11:58:05','DESARROLLO'),(193163,'800021603','2011-12-27 12:13:00',76001000,5001000,0,0,'2012-01-24 11:58:05','DESARROLLO'),(193216,'800021603','2011-12-27 14:21:00',76001000,5001000,0,0,'2012-01-24 11:58:05','DESARROLLO'),(193241,'800021603','2011-12-27 14:58:00',76001000,11001000,0,0,'2012-01-24 11:58:05','DESARROLLO'),(193654,'800021603','2011-12-28 11:11:00',68001000,76001000,0,0,'2012-01-24 11:58:05','DESARROLLO'),(193656,'800021603','2011-12-28 11:13:00',76001000,11001000,0,0,'2012-01-24 11:58:05','DESARROLLO'),(193658,'800021603','2011-12-28 11:16:00',5001000,76001000,0,0,'2012-01-24 11:58:05','DESARROLLO'),(193733,'800021603','2011-12-28 12:36:00',76001000,5001000,0,0,'2012-01-24 11:58:05','DESARROLLO'),(194209,'800021603','2011-12-29 09:44:00',76001000,8001000,0,0,'2012-01-24 11:58:05','DESARROLLO'),(194210,'800021603','2011-12-29 09:45:00',76001000,73001000,0,0,'2012-01-24 11:58:05','DESARROLLO'),(194356,'800021603','2011-12-29 13:22:00',76001000,5001000,0,0,'2012-01-24 11:58:05','DESARROLLO'),(194358,'800021603','2011-12-29 13:26:00',76001000,8001000,0,0,'2012-01-24 11:58:05','DESARROLLO'),(194966,'800021603','2012-01-02 08:10:00',76001000,11001000,0,0,'2012-01-24 11:58:05','DESARROLLO'),(195039,'800021603','2012-01-02 10:12:00',73001000,76001000,0,0,'2012-01-24 11:58:05','DESARROLLO'),(195040,'800021603','2012-01-02 10:12:00',73001000,76001000,0,0,'2012-01-24 11:58:05','DESARROLLO'),(195295,'800021603','2012-01-02 17:31:00',76001000,5001000,0,0,'2012-01-24 11:58:05','DESARROLLO'),(195406,'800021603','2012-01-03 08:23:00',11001000,76001000,0,0,'2012-01-24 11:58:05','DESARROLLO'),(195544,'800021603','2012-01-03 11:46:00',76001000,66001000,0,0,'2012-01-24 11:58:05','DESARROLLO'),(195575,'800021603','2012-01-03 12:14:00',76001000,50001000,0,0,'2012-01-24 11:58:05','DESARROLLO'),(195581,'800021603','2012-01-03 12:28:00',76001000,50001000,0,0,'2012-01-24 11:58:05','DESARROLLO'),(195742,'800021603','2012-01-03 17:24:00',11001000,76001000,0,0,'2012-01-24 11:58:05','DESARROLLO'),(196242,'800021603','2012-01-04 17:44:00',76001000,5001000,0,0,'2012-01-24 11:58:05','DESARROLLO'),(196256,'800021603','2012-01-04 18:06:00',8001000,76001000,0,0,'2012-01-24 11:58:05','DESARROLLO'),(196257,'800021603','2012-01-04 18:09:00',76001000,86001000,0,0,'2012-01-24 11:58:05','DESARROLLO'),(196520,'800021603','2012-01-05 10:52:00',76001000,5001000,0,0,'2012-01-24 11:58:05','DESARROLLO'),(196522,'800021603','2012-01-05 10:56:00',13001000,76001000,0,0,'2012-01-24 11:58:05','DESARROLLO'),(196542,'800021603','2012-01-05 11:22:00',76001000,70001000,0,0,'2012-01-24 11:58:05','DESARROLLO'),(196819,'800021603','2012-01-05 18:25:00',8001000,76001000,0,0,'2012-01-24 11:58:05','DESARROLLO'),(196826,'800021603','2012-01-05 18:36:00',76001000,5001000,0,0,'2012-01-24 11:58:05','DESARROLLO'),(196827,'800021603','2012-01-05 18:38:00',76001000,27025003,0,0,'2012-01-24 11:58:05','DESARROLLO'),(196830,'800021603','2012-01-05 18:42:00',73001000,76001000,0,0,'2012-01-24 11:58:05','DESARROLLO'),(196835,'800021603','2012-01-05 18:48:00',76001000,5001000,0,0,'2012-01-24 11:58:05','DESARROLLO'),(197233,'800021603','2012-01-06 15:50:00',76001000,5001000,0,0,'2012-01-24 11:58:05','DESARROLLO'),(197292,'800021603','2012-01-06 16:43:00',76001000,70001000,0,0,'2012-01-24 11:58:05','DESARROLLO'),(197327,'800021603','2012-01-06 17:26:00',76001000,5001000,0,0,'2012-01-24 11:58:05','DESARROLLO'),(197366,'800021603','2012-01-06 18:24:00',8001000,76001000,0,0,'2012-01-24 11:58:05','DESARROLLO'),(197368,'800021603','2012-01-06 18:26:00',8001000,76001000,0,0,'2012-01-24 11:58:05','DESARROLLO'),(197415,'800021603','2012-01-06 18:29:00',76001000,11001000,0,0,'2012-01-24 11:58:05','DESARROLLO'),(197429,'800021603','2012-01-06 18:48:00',8001000,76001000,0,0,'2012-01-24 11:58:05','DESARROLLO'),(197755,'800021603','2012-01-07 13:04:00',5001000,76892000,0,0,'2012-01-24 11:58:05','DESARROLLO'),(197764,'800021603','2012-01-07 13:11:00',76001000,27025003,0,0,'2012-01-24 11:58:05','DESARROLLO'),(197773,'800021603','2012-01-07 13:20:00',50001000,76892000,0,0,'2012-01-24 11:58:05','DESARROLLO'),(197774,'800021603','2012-01-07 13:27:00',76001000,11001000,0,0,'2012-01-24 11:58:05','DESARROLLO'),(197778,'800021603','2012-01-07 13:34:00',5001000,76892000,0,0,'2012-01-24 11:58:05','DESARROLLO'),(197782,'800021603','2012-01-07 13:44:00',76001000,18001000,0,0,'2012-01-24 11:58:05','DESARROLLO'),(197786,'800021603','2012-01-07 13:52:00',76001000,86001000,0,0,'2012-01-24 11:58:05','DESARROLLO'),(197790,'800021603','2012-01-07 14:01:00',76001000,5001000,0,0,'2012-01-24 11:58:05','DESARROLLO'),(198233,'800021603','2012-01-10 10:49:00',76001000,5001000,0,0,'2012-01-24 11:58:05','DESARROLLO'),(198236,'800021603','2012-01-10 10:53:00',76001000,66001000,0,0,'2012-01-24 11:58:05','DESARROLLO'),(198239,'800021603','2012-01-10 10:58:00',76001000,11001000,0,0,'2012-01-24 11:58:05','DESARROLLO'),(198293,'800021603','2012-01-10 11:36:00',11001000,76001000,0,0,'2012-01-24 11:58:05','DESARROLLO'),(198473,'800021603','2012-01-10 16:01:00',76001000,11001000,0,0,'2012-01-24 11:58:05','DESARROLLO'),(198488,'800021603','2012-01-10 16:14:00',11001000,76001000,0,0,'2012-01-24 11:58:05','DESARROLLO'),(198552,'800021603','2012-01-10 17:05:00',76001000,5001000,0,0,'2012-01-24 11:58:05','DESARROLLO'),(198559,'800021603','2012-01-10 17:09:00',76001000,11001000,0,0,'2012-01-24 11:58:05','DESARROLLO'),(198573,'800021603','2012-01-10 17:20:00',66001000,76001000,0,0,'2012-01-24 11:58:05','DESARROLLO'),(198576,'800021603','2012-01-10 17:23:00',66001000,76001000,0,0,'2012-01-24 11:58:05','DESARROLLO'),(198825,'800021603','2012-01-11 09:23:00',76001000,66001000,0,0,'2012-01-24 11:58:05','DESARROLLO'),(198937,'800021603','2012-01-11 11:30:00',5001000,76001000,0,0,'2012-01-24 11:58:05','DESARROLLO'),(198945,'800021603','2012-01-11 11:32:00',70001000,76001000,0,0,'2012-01-24 11:58:05','DESARROLLO'),(198983,'800021603','2012-01-11 12:10:00',8001000,76001000,0,0,'2012-01-24 11:58:05','DESARROLLO'),(198987,'800021603','2012-01-11 12:11:00',76001000,73001000,0,0,'2012-01-24 11:58:05','DESARROLLO'),(199091,'800021603','2012-01-11 15:19:00',76001000,11001000,0,0,'2012-01-24 11:58:05','DESARROLLO'),(199097,'800021603','2012-01-11 15:23:00',76001000,5001000,0,0,'2012-01-24 11:58:05','DESARROLLO'),(199122,'800021603','2012-01-11 15:53:00',76001000,13001000,0,0,'2012-01-24 11:58:05','DESARROLLO'),(199233,'800021603','2012-01-11 17:37:00',76001000,66001000,0,0,'2012-01-24 11:58:05','DESARROLLO'),(199239,'800021603','2012-01-11 17:42:00',76001000,5001000,0,0,'2012-01-24 11:58:05','DESARROLLO'),(199576,'800021603','2012-01-12 11:43:00',5001000,76001000,0,0,'2012-01-24 11:58:05','DESARROLLO'),(199592,'800021603','2012-01-12 11:56:00',20001000,76001000,0,0,'2012-01-24 11:58:05','DESARROLLO'),(199606,'800021603','2012-01-12 12:05:00',13001000,76001000,0,0,'2012-01-24 11:58:05','DESARROLLO'),(199607,'800021603','2012-01-12 12:05:00',73001000,76001000,0,0,'2012-01-24 11:58:05','DESARROLLO'),(199724,'800021603','2012-01-12 15:30:00',11001000,76001000,0,0,'2012-01-24 11:58:05','DESARROLLO'),(199728,'800021603','2012-01-12 15:33:00',76001000,8001000,0,0,'2012-01-24 11:58:05','DESARROLLO'),(199729,'800021603','2012-01-12 15:36:00',76001000,5001000,0,0,'2012-01-24 11:58:05','DESARROLLO'),(199763,'800021603','2012-01-12 16:17:00',76001000,5001000,0,0,'2012-01-24 11:58:05','DESARROLLO'),(199771,'800021603','2012-01-12 16:22:00',76001000,5001000,0,0,'2012-01-24 11:58:05','DESARROLLO'),(199790,'800021603','2012-01-12 16:37:00',76001000,8001000,0,0,'2012-01-24 11:58:05','DESARROLLO'),(199791,'800021603','2012-01-12 16:40:00',76001000,11001000,0,0,'2012-01-24 11:58:05','DESARROLLO'),(200378,'800021603','2012-01-13 15:50:00',76001000,86001000,0,0,'2012-01-24 11:58:05','DESARROLLO'),(200470,'800021603','2012-01-13 17:09:00',76001000,66001000,0,0,'2012-01-24 11:58:05','DESARROLLO'),(200476,'800021603','2012-01-13 17:13:00',73001000,76001000,0,0,'2012-01-24 11:58:05','DESARROLLO'),(200527,'800021603','2012-01-13 17:46:00',76001000,5001000,0,0,'2012-01-24 11:58:05','DESARROLLO'),(200821,'800021603','2012-01-14 10:41:00',76001000,50001000,0,0,'2012-01-24 11:58:05','DESARROLLO'),(201436,'800021603','2012-01-16 10:31:00',76001000,11001000,0,0,'2012-01-24 11:58:05','DESARROLLO'),(201443,'800021603','2012-01-16 10:34:00',20001000,76001000,0,0,'2012-01-24 11:58:05','DESARROLLO'),(201446,'800021603','2012-01-16 10:38:00',8001000,76001000,0,0,'2012-01-24 11:58:05','DESARROLLO'),(201686,'800021603','2012-01-16 16:42:00',13001000,76001000,0,0,'2012-01-24 11:58:05','DESARROLLO'),(201716,'800021603','2012-01-16 17:07:00',76001000,5001000,0,0,'2012-01-24 11:58:05','DESARROLLO'),(201753,'800021603','2012-01-16 17:40:00',76001000,27025003,0,0,'2012-01-24 11:58:05','DESARROLLO'),(201792,'800021603','2012-01-16 18:21:00',76001000,5001000,0,0,'2012-01-24 11:58:05','DESARROLLO'),(201966,'800021603','2012-01-17 08:59:00',11001000,76001000,0,0,'2012-01-24 11:58:05','DESARROLLO'),(201975,'800021603','2012-01-17 09:09:00',5001000,76001000,0,0,'2012-01-24 11:58:05','DESARROLLO'),(201981,'800021603','2012-01-17 09:15:00',5001000,76001000,0,0,'2012-01-24 11:58:05','DESARROLLO'),(201994,'800021603','2012-01-17 09:22:00',50001000,76001000,0,0,'2012-01-24 11:58:05','DESARROLLO'),(202044,'800021603','2012-01-17 10:23:00',20001000,76001000,0,0,'2012-01-24 11:58:05','DESARROLLO'),(202049,'800021603','2012-01-17 10:28:00',20001000,76001000,0,0,'2012-01-24 11:58:05','DESARROLLO'),(202183,'800021603','2012-01-17 12:18:00',76001000,17001000,0,0,'2012-01-24 11:58:05','DESARROLLO'),(202187,'800021603','2012-01-17 12:23:00',76001000,66001000,0,0,'2012-01-24 11:58:05','DESARROLLO'),(202197,'800021603','2012-01-17 12:42:00',76001000,11001000,0,0,'2012-01-24 11:58:05','DESARROLLO'),(202280,'800021603','2012-01-17 15:21:00',8001000,76001000,0,0,'2012-01-24 11:58:05','DESARROLLO'),(202396,'800021603','2012-01-17 16:58:00',66001000,76001000,0,0,'2012-01-24 11:58:05','DESARROLLO'),(202663,'800021603','2012-01-18 09:21:00',41001000,76001000,0,0,'2012-01-24 11:58:05','DESARROLLO'),(202686,'800021603','2012-01-18 09:39:00',41001000,76001000,0,0,'2012-01-24 11:58:05','DESARROLLO'),(202692,'800021603','2012-01-18 09:48:00',41001000,76001000,0,0,'2012-01-24 11:58:05','DESARROLLO'),(202728,'800021603','2012-01-18 10:36:00',19001000,76001000,0,0,'2012-01-24 11:58:05','DESARROLLO'),(202731,'800021603','2012-01-18 10:39:00',41001000,76001000,0,0,'2012-01-24 11:58:05','DESARROLLO'),(202753,'800021603','2012-01-18 11:13:00',76001000,11001000,0,0,'2012-01-24 11:58:05','DESARROLLO'),(203048,'800021603','2012-01-18 17:14:00',76001000,5001000,0,0,'2012-01-24 11:58:05','DESARROLLO'),(203393,'800021603','2012-01-19 09:55:00',76001000,11001000,0,0,'2012-01-24 11:58:05','DESARROLLO'),(203401,'800021603','2012-01-19 10:02:00',76001000,5001000,0,0,'2012-01-24 11:58:05','DESARROLLO'),(203426,'800021603','2012-01-19 10:28:00',23001000,76001000,0,0,'2012-01-24 11:58:05','DESARROLLO'),(203442,'800021603','2012-01-19 10:32:00',76001000,66001000,0,0,'2012-01-24 11:58:05','DESARROLLO'),(203673,'800021603','2012-01-19 16:01:00',76001000,5001000,0,0,'2012-01-24 11:58:05','DESARROLLO'),(203679,'800021603','2012-01-19 16:05:00',76001000,8001000,0,0,'2012-01-24 11:58:05','DESARROLLO'),(203706,'800021603','2012-01-19 16:34:00',13001000,76001000,0,0,'2012-01-24 11:58:05','DESARROLLO'),(203730,'800021603','2012-01-19 17:00:00',76001000,68001000,0,0,'2012-01-24 11:58:05','DESARROLLO'),(203766,'800021603','2012-01-19 17:41:00',76001000,5001000,0,0,'2012-01-24 11:58:05','DESARROLLO'),(204058,'800021603','2012-01-20 10:20:00',76001000,73001000,0,0,'2012-01-24 11:58:05','DESARROLLO'),(204092,'800021603','2012-01-20 11:04:00',76001000,27025003,0,0,'2012-01-24 11:58:05','DESARROLLO'),(204127,'800021603','2012-01-20 11:34:00',11001000,66001000,0,0,'2012-01-24 11:58:05','DESARROLLO'),(204238,'800021603','2012-01-20 14:52:00',11001000,66001000,0,0,'2012-01-24 11:58:05','DESARROLLO'),(204394,'800021603','2012-01-20 17:28:00',76001000,66001000,0,0,'2012-01-24 11:58:05','DESARROLLO'),(204400,'800021603','2012-01-20 17:32:00',76001000,5001000,0,0,'2012-01-24 11:58:05','DESARROLLO'),(204504,'800021603','2012-01-20 19:18:00',76001000,86001000,0,0,'2012-01-24 11:58:05','DESARROLLO'),(204506,'800021603','2012-01-20 19:18:00',76001000,86001000,0,0,'2012-01-24 11:58:05','DESARROLLO'),(204609,'800021603','2012-01-21 09:06:00',76001000,86001000,0,0,'2012-01-24 11:58:05','DESARROLLO'),(204636,'800021603','2012-01-21 09:33:00',76001000,8001000,0,0,'2012-01-24 11:58:05','DESARROLLO'),(204646,'800021603','2012-01-21 09:44:00',76001000,11001000,0,0,'2012-01-24 11:58:05','DESARROLLO'),(204777,'800021603','2012-01-21 11:47:00',76001000,86001000,0,0,'2012-01-24 11:58:05','DESARROLLO');
/*!40000 ALTER TABLE `tab_factur_factur` ENABLE KEYS */;
UNLOCK TABLES;

--
-- Table structure for table `tab_factur_faroxx`
--

DROP TABLE IF EXISTS `tab_factur_faroxx`;
CREATE TABLE `tab_factur_faroxx` (
  `nom_basexx` varchar(15) collate latin1_spanish_ci NOT NULL default '' COMMENT 'nombre da la base de datos de la empresa',
  `ind_estado` char(1) collate latin1_spanish_ci NOT NULL default '1' COMMENT 'estaqdo de la base de datos',
  `nom_empres` varchar(25) collate latin1_spanish_ci default NULL COMMENT 'nombre de la empresa',
  PRIMARY KEY  (`nom_basexx`)
) ENGINE=InnoDB DEFAULT CHARSET=latin1 COLLATE=latin1_spanish_ci;

--
-- Dumping data for table `tab_factur_faroxx`
--

LOCK TABLES `tab_factur_faroxx` WRITE;
/*!40000 ALTER TABLE `tab_factur_faroxx` DISABLE KEYS */;
INSERT INTO `tab_factur_faroxx` VALUES ('satb_agtran','1','Agt Transporte Multimodal'),('satb_alianz','1','Transportes Alianza'),('satb_alitra','1','Alitrans'),('satb_americ','1','TRANSPORTES AMERICAN LOGI'),('satb_andina','1','Movilizadora andina'),('satb_asetec','1','Asesorias Tecnicas en tra'),('satb_autota','1','Autotaxi'),('satb_betelc','1','Servicomex'),('satb_bujaca','1','Bujacargo'),('satb_burgos','1','Transportes Burgos Lopez'),('satb_caciqu','1','Cacique Tone'),('satb_cajica','1',''),('satb_camaba','1','Transportes en Camabaja'),('satb_carcon','1','Cargas y contenedores'),('satb_cargas','1','Continental Carga'),('satb_cargco','1','Cargacoop'),('satb_cargol','1','Cargolap'),('satb_carmuc','1','Carga Mudanzas Colombia S'),('satb_chicue','1','Transporte de Carga Chicu'),('satb_chtran','1','Ch Tranportes'),('satb_colent','1','Colombia Entrega'),('satb_colomc','1','Colomcarga'),('satb_cootca','1','Cootracar'),('satb_cqtone','1',''),('satb_ctrsoa','1','Cotrasoran'),('satb_dhltda','1','DHL LTDA'),('satb_discoc','1','Discocarga'),('satb_distri','1','Districarga'),('satb_edicar','1','Edicarga'),('satb_eficaz','1','Tl Eficaz'),('satb_enerpe','1','Enerpetrol'),('satb_esteco','1','Estelar de Colombia'),('satb_eurosa','1','TRANSPORTES EURO'),('satb_falcon','1','Industrias Falcon'),('satb_flores','1','Entreflores'),('satb_flotab','1','Transportes Flota Blanca'),('satb_galotr','1','Galotrans'),('satb_grbyza','1','GRUPO BYZA S.A.S'),('satb_gytran','1','Gytrans'),('satb_ijomar','1','Industrias Jomar'),('satb_inetra','1','Inetrans'),('satb_interl','1','Internacional Logistica'),('satb_invroc','1','Roca Logistica Ltda'),('satb_loandi','1','LOGISTICA INTEGRAL ANDINA'),('satb_logica','1','Logicargo'),('satb_logisc','1','Logiscom'),('satb_logisp','1','Logispac'),('satb_logtra','1','Logistica y Transporte'),('satb_logyca','1','Logistica y Carga'),('satb_lopegr','1','Lopegraneles'),('satb_mejisa','1','Transportes Especiales Me'),('satb_movitr','1','Movitrans'),('satb_multip','1','Multipack'),('satb_multis','1','Multiservicios'),('satb_nexosc','1','Nexos Cargo'),('satb_orosol','1','Oro Sol'),('satb_pacar','1','Transportes Pacar'),('satb_paysa','1','Transportes Paysandu'),('satb_pesaco','1','Pesacol'),('satb_postal','1','Postal Express'),('satb_prepun','1','Precooperativa de Transpo'),('satb_procar','1','PROCARGO'),('satb_prolog','1','Prologis'),('satb_puntoc','1','Punto Carga'),('satb_quindi','1','COOPERATIVA QUINDIANA DE'),('satb_rmcarg','1','R&M'),('satb_rojien','1',''),('satb_sabetr','1','Sabetrans'),('satb_segovi','1','TRANSPORTES SEGOVIA Y CIA'),('satb_servia','1','Serviagricola'),('satb_siscar','1','SISA CARGO'),('satb_sitran','1','Sitrans S.A'),('satb_slasa','1','Soluciones Logisticas And'),('satb_sotran','1','Sotransvargas'),('satb_tandes','1','Transandes'),('satb_tdecol','1','TRANSDECOL - TRANSPORTADO'),('satb_tenka','1','Tenka'),('satb_tgaler','1','Transporte Internacional'),('satb_tgales','1','Transportes Rapido Galera'),('satb_tgranc','1','TRANSPORTES GRANCOLOMBIA'),('satb_tmejia','1',''),('satb_tmerca','1','Transportadora Mercantil'),('satb_tpaila','1','Transportes la Paila'),('satb_tplanet','1','Transportes Planet'),('satb_trabor','1','Transborda'),('satb_tragmt','1','Logistica y Transportes G'),('satb_tranje','1','Transportes J.E'),('satb_tranpb','1','TRANSERCAR PB LTDA'),('satb_traoil','1','Transportes Oil'),('satb_trapor','1','Transportes Portilla'),('satb_trarec','1','Transportes Recreativos'),('satb_tratgg','1','Transporte TGG'),('satb_trmula','1','Transmulas'),('satb_troter','1','Troter'),('satb_troyal','1','RoyalTrans'),('satb_trroca','1','Transportes Roca'),('satb_tvalle','1','Transportes Especiales de'),('satb_yiloma','1','Transportes Yilomar'),('satb_zonlog','1','Zona Logistica'),('sate_agrins','1','AGRINSA'),('sate_gytran','1','GYTRANS'),('sate_rutexp','1','Ruta Express S.A.S'),('sate_trcana','1','IBEROAMERICANA'),('sate_trcoar','1','COLOMBIA AR');
/*!40000 ALTER TABLE `tab_factur_faroxx` ENABLE KEYS */;
UNLOCK TABLES;

--
-- Table structure for table `tab_genera_aplica`
--

DROP TABLE IF EXISTS `tab_genera_aplica`;
CREATE TABLE `tab_genera_aplica` (
  `cod_aplica` int(4) NOT NULL default '0',
  `nom_aplica` varchar(50) collate latin1_spanish_ci NOT NULL default '',
  `usr_creaci` varchar(15) collate latin1_spanish_ci NOT NULL default 'Administrador',
  `fec_creaci` datetime NOT NULL default '0000-00-00 00:00:00',
  `usr_modifi` varchar(15) collate latin1_spanish_ci default NULL,
  `fec_modifi` datetime default NULL,
  PRIMARY KEY  (`cod_aplica`)
) ENGINE=InnoDB DEFAULT CHARSET=latin1 COLLATE=latin1_spanish_ci COMMENT='Guarda las aplicaciones';

--
-- Dumping data for table `tab_genera_aplica`
--

LOCK TABLES `tab_genera_aplica` WRITE;
/*!40000 ALTER TABLE `tab_genera_aplica` DISABLE KEYS */;
INSERT INTO `tab_genera_aplica` VALUES (0,'INACTIVO','Administrador','2010-12-29 12:05:24',NULL,NULL),(1,'SAT BASICO','Administrador','2007-11-24 00:00:00',NULL,NULL);
/*!40000 ALTER TABLE `tab_genera_aplica` ENABLE KEYS */;
UNLOCK TABLES;

--
-- Table structure for table `tab_genera_filtro`
--

DROP TABLE IF EXISTS `tab_genera_filtro`;
CREATE TABLE `tab_genera_filtro` (
  `cod_filtro` int(4) NOT NULL default '0',
  `nom_filtro` varchar(50) collate latin1_spanish_ci NOT NULL default '',
  `cod_queryx` varchar(255) collate latin1_spanish_ci default NULL,
  `usr_creaci` varchar(15) collate latin1_spanish_ci NOT NULL default 'Administrador',
  `fec_creaci` datetime NOT NULL default '0000-00-00 00:00:00',
  `usr_modifi` varchar(15) collate latin1_spanish_ci default NULL,
  `fec_modifi` datetime default NULL,
  PRIMARY KEY  (`cod_filtro`)
) ENGINE=InnoDB DEFAULT CHARSET=latin1 COLLATE=latin1_spanish_ci COMMENT='filtros para las clausulas WHERE';

--
-- Dumping data for table `tab_genera_filtro`
--

LOCK TABLES `tab_genera_filtro` WRITE;
/*!40000 ALTER TABLE `tab_genera_filtro` DISABLE KEYS */;
INSERT INTO `tab_genera_filtro` VALUES (1,'Transportadora','SELECT a.cod_tercer,a.nom_tercer FROM tab_tercer_tercer a,tab_tercer_activi b where a.cod_tercer = b.cod_tercer and b.cod_activi = 1','Administrador','2005-08-25 00:00:00',NULL,NULL),(2,'Agencia','SELECT a.cod_agenci,a.nom_agenci FROM tab_genera_agenci a,tab_transp_agenci c WHERE a.cod_agenci = c.cod_agenci','Administrador','2005-08-25 00:00:00',NULL,NULL),(3,'Generador','SELECT a.cod_tercer,a.nom_tercer FROM tab_tercer_tercer a,tab_tercer_activi b,tab_transp_tercer c where a.cod_tercer = b.cod_tercer and b.cod_activi = 3 and a.cod_tercer = c.cod_tercer','Administrador','2005-08-25 00:00:00',NULL,NULL),(7,'Puesto de Control','SELECT a.cod_contro, a.nom_contro FROM tab_genera_contro a WHERE a.ind_estado = \'1\' and a.ind_virtua = \'0\' and a.ind_copiad=\'0\' and a.ind_verifi=\'1\'','Administrador','2011-01-18 00:00:00',NULL,NULL),(8,'Aseguradora','SELECT a.cod_tercer, a.abr_tercer FROM tab_tercer_tercer a,tab_tercer_activi b WHERE a.cod_tercer =  b.cod_tercer AND b.cod_activi = 7','Administrador','2011-01-18 00:00:00',NULL,NULL);
/*!40000 ALTER TABLE `tab_genera_filtro` ENABLE KEYS */;
UNLOCK TABLES;

--
-- Table structure for table `tab_genera_servic`
--

DROP TABLE IF EXISTS `tab_genera_servic`;
CREATE TABLE `tab_genera_servic` (
  `cod_servic` int(4) NOT NULL default '0',
  `nom_servic` varchar(50) collate latin1_spanish_ci NOT NULL default '',
  `des_servic` text collate latin1_spanish_ci,
  `rut_archiv` varchar(50) collate latin1_spanish_ci default NULL,
  `rut_jscrip` varchar(50) collate latin1_spanish_ci default NULL,
  `bod_jscrip` varchar(50) collate latin1_spanish_ci default NULL,
  `cod_aplica` int(4) NOT NULL default '0',
  `usr_creaci` varchar(15) collate latin1_spanish_ci NOT NULL default 'Administrador',
  `fec_creaci` datetime NOT NULL default '0000-00-00 00:00:00',
  `usr_modifi` varchar(15) collate latin1_spanish_ci default NULL,
  `fec_modifi` datetime default NULL,
  PRIMARY KEY  (`cod_servic`),
  KEY `cod_aplica` (`cod_aplica`),
  CONSTRAINT `tab_genera_servic_ibfk_2` FOREIGN KEY (`cod_aplica`) REFERENCES `tab_genera_aplica` (`cod_aplica`) ON DELETE CASCADE ON UPDATE CASCADE
) ENGINE=InnoDB DEFAULT CHARSET=latin1 COLLATE=latin1_spanish_ci COMMENT='Servicios de las diferentes aplicaciones';

--
-- Dumping data for table `tab_genera_servic`
--

LOCK TABLES `tab_genera_servic` WRITE;
/*!40000 ALTER TABLE `tab_genera_servic` DISABLE KEYS */;
INSERT INTO `tab_genera_servic` VALUES (505,'Transportadoras',NULL,NULL,NULL,NULL,1,'ebeleno','2006-02-02 03:00:00',NULL,NULL),(506,'Bandeja de Entrada',NULL,'bandeja/ban_despac_entrad.php',NULL,NULL,1,'ebeleno','2006-02-02 03:00:00',NULL,NULL),(510,'Recursos',NULL,NULL,NULL,NULL,1,'ebeleno','2006-02-02 15:00:00',NULL,NULL),(515,'Estado Recursos',NULL,NULL,NULL,NULL,1,'ebeleno','2005-02-03 10:00:00',NULL,NULL),(520,'Rutas y P.Control',NULL,NULL,NULL,NULL,1,'ebeleno','2006-02-03 10:00:00',NULL,NULL),(522,'Despachos',NULL,NULL,NULL,NULL,1,'ebeleno','2006-03-16 14:30:00',NULL,NULL),(523,'Plan de Ruta',NULL,NULL,NULL,NULL,1,'Administrador','0000-00-00 00:00:00',NULL,NULL),(525,'Control Trafico',NULL,NULL,NULL,NULL,1,'ebeleno','2006-02-06 09:31:46',NULL,NULL),(526,'Registro de Novedades',NULL,'despac/ins_regist_noveda.php',NULL,NULL,1,'Administrador','0000-00-00 00:00:00',NULL,NULL),(530,'Informes',NULL,NULL,NULL,NULL,1,'ebeleno','2006-02-20 08:35:57','ebeleno','2006-02-21 09:09:48'),(545,'Seguridad',NULL,NULL,NULL,NULL,1,'Administrador','0000-00-00 00:00:00',NULL,NULL),(550,'Configuracion',NULL,NULL,NULL,NULL,1,'lromero','2006-02-09 17:59:31',NULL,NULL),(555,'Tablas',NULL,NULL,NULL,NULL,1,'ebeleno','2006-02-13 16:54:14',NULL,NULL),(570,'Niveles de Autorizacion',NULL,'config/ins_autori_campos.php','js/config.js',NULL,1,'aortegon','2007-01-26 00:00:00',NULL,NULL),(740,'Manual','Manual de Ayuda','ayuda.php',NULL,NULL,1,'Administrador','2007-03-15 00:00:00','desarrollo','2007-03-15 09:36:21'),(1020,'Insertar',NULL,'transp/ins_transp_transp.php',NULL,NULL,1,'ebeleno','2006-02-02 14:00:00',NULL,NULL),(1025,'Listar',NULL,'transp/lis_transp_transp.php',NULL,NULL,1,'ebeleno','2006-02-02 14:00:00',NULL,NULL),(1030,'Actualizar',NULL,'transp/act_transp_transp.php',NULL,NULL,1,'ebeleno','2006-02-02 14:00:00',NULL,NULL),(1035,'Eliminar',NULL,'transp/eli_transp_transp.php',NULL,NULL,1,'ebeleno','2006-02-02 14:00:00',NULL,NULL),(1040,'Conductores',NULL,NULL,NULL,NULL,1,'ebeleno','2006-02-02 15:00:00',NULL,NULL),(1045,'Terceros',NULL,NULL,NULL,NULL,1,'ebeleno','2006-02-02 15:00:00',NULL,NULL),(1050,'Remolques',NULL,NULL,NULL,NULL,1,'ebeleno','2006-02-02 15:00:00',NULL,NULL),(1055,'Vehiculos',NULL,NULL,NULL,NULL,1,'ebeleno','2006-02-02 15:00:00',NULL,NULL),(1060,'Insertar',NULL,'conduc/ins_conduc_conduc.php',NULL,NULL,1,'ebeleno','2006-02-02 15:00:00',NULL,NULL),(1065,'Listar',NULL,'conduc/lis_conduc_conduc.php',NULL,NULL,1,'ebeleno','2006-02-02 15:00:00',NULL,NULL),(1070,'Actualizar',NULL,'conduc/act_conduc_conduc.php',NULL,NULL,1,'ebeleno','2006-02-02 15:00:00',NULL,NULL),(1075,'Eliminar',NULL,'conduc/eli_conduc_conduc.php',NULL,NULL,1,'ebeleno','2006-02-02 15:00:00',NULL,NULL),(1080,'Insertar',NULL,'recurs/ins_tercer_tercer.php',NULL,NULL,1,'ebeleno','2006-02-02 15:00:00',NULL,NULL),(1085,'Listar',NULL,'recurs/lis_tercer_tercer.php',NULL,NULL,1,'ebeleno','2006-02-02 15:00:00',NULL,NULL),(1090,'Actualizar',NULL,'recurs/act_tercer_tercer.php',NULL,NULL,1,'ebeleno','2006-02-02 15:00:00',NULL,NULL),(1095,'Eliminar',NULL,'recurs/eli_tercer_tercer.php',NULL,NULL,1,'ebeleno','2006-02-02 15:00:00',NULL,NULL),(1100,'Insertar',NULL,'vehicu/ins_trayle_trayle.php','js/traylers.js',NULL,1,'ebeleno','2006-02-02 15:00:00',NULL,NULL),(1105,'Listar',NULL,'vehicu/lis_trayle_trayle.php',NULL,NULL,1,'ebeleno','2006-02-02 15:00:00',NULL,NULL),(1110,'Actualizar',NULL,'vehicu/act_trayle_trayle.php',NULL,NULL,1,'ebeleno','2006-02-02 15:00:00',NULL,NULL),(1115,'Eliminar',NULL,'vehicu/eli_trayle_trayle.php',NULL,NULL,1,'ebeleno','2006-02-02 15:00:00',NULL,NULL),(1120,'Insertar',NULL,'vehicu/ins_vehicu_vehicu.php',NULL,NULL,1,'ebeleno','2006-02-02 15:00:00',NULL,NULL),(1125,'Listar',NULL,'vehicu/lis_vehicu_vehicu.php',NULL,NULL,1,'ebeleno','2006-02-02 15:00:00',NULL,NULL),(1130,'Actualizar',NULL,'vehicu/act_vehicu_vehicu.php',NULL,NULL,1,'ebeleno','2006-02-02 15:00:00',NULL,NULL),(1135,'Eliminar',NULL,'vehicu/eli_vehicu_vehicu.php',NULL,NULL,1,'ebeleno','2006-02-02 15:00:00',NULL,NULL),(1140,'Conductores',NULL,NULL,NULL,NULL,1,'ebeleno','2006-02-03 10:00:00',NULL,NULL),(1145,'Terceros',NULL,NULL,NULL,NULL,1,'ebeleno','2006-02-03 10:00:00',NULL,NULL),(1150,'Vehiculos',NULL,NULL,NULL,NULL,1,'ebeleno','2006-02-03 10:00:00',NULL,NULL),(1155,'Activar/Inactivar',NULL,'conduc/hab_conduc_conduc.php',NULL,NULL,1,'ebeleno','2006-02-03 10:00:00',NULL,NULL),(1165,'Activar/Inactivar',NULL,'recurs/hab_tercer_tercer.php','js/tercero.js',NULL,1,'ebeleno','2006-02-03 10:00:00',NULL,NULL),(1175,'Activar/Inactivar',NULL,'vehicu/hab_vehicu_vehicu.php',NULL,NULL,1,'ebeleno','2006-02-03 10:00:00',NULL,NULL),(1190,'Puestos de Control',NULL,NULL,NULL,'',1,'ebeleno','2006-02-03 10:00:00',NULL,NULL),(1195,'Rutas',NULL,NULL,NULL,NULL,1,'ebeleno','2006-02-03 10:00:00',NULL,NULL),(1200,'Rutas y Transportadoras',NULL,NULL,NULL,'',1,'ebeleno','2006-02-03 10:00:00',NULL,NULL),(1201,'Zonas Operador GPS',NULL,'pcontr/lis_zonasx_zonasx.php',NULL,NULL,1,'Administrador','0000-00-00 00:00:00','desarrollo','2007-03-27 10:40:08'),(1225,'Insertar',NULL,'pcontr/ins_pcontr_pcontr.php',NULL,NULL,1,'ebeleno','2006-02-03 12:00:00',NULL,NULL),(1230,'Listar',NULL,'pcontr/lis_pcontr_pcontr.php',NULL,NULL,1,'ebeleno','2006-02-03 11:00:00',NULL,NULL),(1235,'Actualizar',NULL,'pcontr/act_pcontr_pcontr.php',NULL,NULL,1,'ebeleno','2006-02-03 12:00:00',NULL,NULL),(1240,'Eliminar',NULL,'pcontr/eli_pcontr_pcontr.php',NULL,NULL,1,'ebeleno','2006-02-03 11:00:00',NULL,NULL),(1245,'Insertar',NULL,'rutas/ins_rutas_rutas.php',NULL,NULL,1,'ebeleno','2006-02-03 13:00:00',NULL,NULL),(1250,'Listar',NULL,'rutas/lis_rutas_rutas.php',NULL,NULL,1,'ebeleno','2006-02-03 13:00:00',NULL,NULL),(1255,'Actualizar',NULL,'rutas/act_rutas_rutas.php',NULL,NULL,1,'ebeleno','2006-02-03 13:00:00',NULL,NULL),(1260,'Eliminar',NULL,'rutas/eli_rutas_rutas.php',NULL,NULL,1,'ebeleno','2006-02-03 13:00:00',NULL,NULL),(1261,'Copiar Ruta',NULL,'rutas/cop_rutas_rutas.php',NULL,NULL,1,'Administrador','0000-00-00 00:00:00',NULL,NULL),(1265,'Asignar',NULL,'ruttra/ins_ruttra_ruttra.php',NULL,NULL,1,'ebeleno','2006-02-03 15:00:00',NULL,NULL),(1266,'Actualizar',NULL,'ruttra/act_ruttra_ruttra.php',NULL,NULL,1,'ebeleno','2006-02-03 15:00:00',NULL,NULL),(1270,'Listar',NULL,'ruttra/lis_ruttra_ruttra.php',NULL,NULL,1,'ebeleno','2006-02-03 15:00:00',NULL,NULL),(1280,'Desasignar',NULL,'ruttra/eli_ruttra_ruttra.php',NULL,NULL,1,'ebeleno','2006-02-03 15:00:00',NULL,NULL),(1281,'Homologar Zonas',NULL,'ruttra/ins_homolo_zonasx.php',NULL,NULL,1,'Administrador','2008-05-07 00:00:00',NULL,NULL),(1290,'Insertar',NULL,'despac/ins_despac_despac.php','js/despac.js',NULL,1,'ebeleno','2006-02-06 09:39:10',NULL,NULL),(1295,'Listar',NULL,'despac/lis_despac_despac.php',NULL,NULL,1,'ebeleno','2006-02-06 09:40:33',NULL,NULL),(1300,'Actualizar',NULL,'despac/act_despac_despac.php','js/despac.js',NULL,1,'ebeleno','2006-02-06 09:41:13',NULL,NULL),(1305,'Eliminar',NULL,'despac/eli_despac_despac.php',NULL,NULL,1,'ebeleno','2006-02-06 09:42:21',NULL,NULL),(1306,'Anular',NULL,'despac/ins_despac_anular.php',NULL,NULL,1,'lromero','2006-02-13 16:17:56','ebeleno','2006-02-20 12:12:43'),(1307,'Importar Despacho',NULL,'despac/ins_despac_archiv.php',NULL,NULL,1,'lromero','2006-02-13 16:27:40',NULL,NULL),(1310,'Insertar',NULL,'despac/ins_despac_planru.php',NULL,NULL,1,'lromero','2006-02-13 16:07:43','lromero','2006-02-13 17:13:51'),(1311,'Eliminar',NULL,'despac/ins_despac_eliplan.php',NULL,NULL,1,'Administrador','2008-08-27 00:00:00',NULL,NULL),(1315,'Imprimir',NULL,'despac/imp_despac_planru.php',NULL,NULL,1,'lromero','2006-02-13 16:09:00',NULL,NULL),(1320,'Salida',NULL,'despac/ins_despac_salida.php','js/salida.js',NULL,1,'lromero','2006-02-13 16:11:52','ebeleno','2006-02-16 15:32:57'),(1325,'Novedades P/C',NULL,'despac/ins_despac_noveda.php',NULL,NULL,0,'lromero','2006-02-13 16:15:36','ebeleno','2006-02-16 15:32:45'),(1330,'Notas de Controlador',NULL,'despac/ins_despac_novcon.php',NULL,NULL,1,'lromero','2006-02-13 16:16:26',NULL,NULL),(1335,'Llegada',NULL,'despac/ins_despac_llegad.php',NULL,NULL,1,'lromero','2006-02-13 16:17:16','ebeleno','2006-02-16 15:35:22'),(1355,'Cambio de Ruta',NULL,'despac/ins_despac_camrut.php',NULL,NULL,1,'lromero','2006-02-13 16:29:35',NULL,NULL),(1356,'Novedades Urbanos',NULL,'despac/ins_despac_novurb.php',NULL,NULL,1,'Administrador','2008-08-28 00:00:00',NULL,NULL),(1365,'Despachos en Ruta',NULL,'inform/inf_despac_enruta.php',NULL,NULL,1,'ebeleno','2006-02-20 08:51:17','ebeleno','2006-02-20 09:46:21'),(1366,'Despachos en Transito',NULL,'inform/inf_despac_transi.php',NULL,NULL,1,'Administrador','2008-09-22 00:00:00',NULL,NULL),(1370,'Retrasados',NULL,'inform/inf_despac_retras.php',NULL,NULL,1,'ebeleno','2006-02-20 08:53:05','ebeleno','2006-02-20 09:46:37'),(1375,'Despachos Por Ruta',NULL,'inform/inf_despac_porruta.php',NULL,NULL,1,'ebeleno','2006-02-20 08:56:09','ebeleno','2006-02-20 09:46:51'),(1380,'Despachos por Pto Control',NULL,'inform/inf_despac_porpcs.php',NULL,NULL,1,'ebeleno','2006-02-20 09:18:36','ebeleno','2006-02-20 09:47:12'),(1381,'Salidas Programadas',NULL,'inform/inf_despac_salfut.php',NULL,NULL,1,'Administrador','0000-00-00 00:00:00',NULL,NULL),(1382,'Vehiculos Disponibles',NULL,'inform/inf_vehicu_dispon.php',NULL,NULL,1,'Administrador','0000-00-00 00:00:00',NULL,NULL),(1385,'Finalizados',NULL,'inform/inf_despac_finali.php',NULL,NULL,1,'ebeleno','2006-02-21 09:15:26',NULL,NULL),(1386,'Trazabilidad Documentos',NULL,'inform/inf_trazab_docume.php',NULL,NULL,1,'Administrador','2008-10-07 00:00:00',NULL,NULL),(1415,'Imprimir',NULL,'conduc/imp_conduc_conduc.php',NULL,NULL,1,'ebeleno','2006-02-22 15:33:39',NULL,NULL),(1420,'Imprimir',NULL,'vehicu/imp_vehicu_vehicu.php',NULL,NULL,1,'ebeleno','2006-02-22 15:49:17',NULL,NULL),(3160,'Usuarios',NULL,NULL,NULL,NULL,1,'adrian','2006-02-06 08:35:48',NULL,NULL),(3161,'Insertar',NULL,'seguridad/ins_usuari_usuari.php','js/usuari.js',NULL,1,'adrian','2006-02-06 08:36:26',NULL,NULL),(3162,'Listar',NULL,'seguridad/lis_usuari_usuari.php','js/usuari.js',NULL,1,'adrian','2006-02-06 08:38:31',NULL,NULL),(3163,'Actualizar',NULL,'seguridad/act_usuari_usuari.php','js/usuari.js',NULL,1,'adrian','2006-02-06 08:39:25',NULL,NULL),(3164,'Eliminar',NULL,'seguridad/eli_usuari_usuari.php','js/usuari.js',NULL,1,'adrian','2006-02-06 08:49:48',NULL,NULL),(3170,'Perfiles',NULL,NULL,NULL,NULL,1,'adrian','2006-02-06 08:50:25',NULL,NULL),(3171,'Insertar',NULL,'seguridad/ins_perfil_perfil.php','js/perfil.js',NULL,1,'adrian','2006-02-06 08:51:15',NULL,NULL),(3172,'Listar',NULL,'seguridad/lis_perfil_perfil.php','js/perfil.js',NULL,1,'adrian','2006-02-06 08:51:42',NULL,NULL),(3173,'Actualizar',NULL,'seguridad/act_perfil_perfil.php','js/perfil.js',NULL,1,'adrian','2006-02-06 08:54:19',NULL,NULL),(3174,'Eliminar',NULL,'seguridad/eli_perfil_perfil.php','js/perfil.js',NULL,1,'adrian','2006-02-06 08:54:45',NULL,NULL),(3175,'Copiar',NULL,'seguridad/cop_perfil_perfil.php','js/perfil.js',NULL,1,'Administrador','0000-00-00 00:00:00',NULL,NULL),(3185,'Activar/Inactivar','Deshabilita las empresas transportadoras para hacer despachos en el sistema','transp/ina_transp_transp.php',NULL,NULL,1,'lromero','2006-02-07 09:31:03',NULL,NULL),(3186,'Agencias','Modulo que maneja los datos de las agencias de las transportadoras en el sistema',NULL,NULL,NULL,1,'lromero','2006-02-07 10:18:54',NULL,NULL),(3187,'Insertar',NULL,'agenci/ins_emptra_agenci.php',NULL,NULL,1,'lromero','2006-02-07 10:21:54',NULL,NULL),(3188,'Listar',NULL,'agenci/lis_emptra_agenci.php',NULL,NULL,1,'lromero','2006-02-07 10:23:08',NULL,NULL),(3189,'Actualizar',NULL,'agenci/act_emptra_agenci.php',NULL,NULL,1,'lromero','2006-02-07 10:23:32',NULL,NULL),(3190,'Eliminar',NULL,'agenci/eli_emptra_agenci.php',NULL,NULL,1,'lromero','2006-02-07 10:23:58',NULL,NULL),(3191,'Parametros',NULL,'config/ins_emptra_parame.php',NULL,NULL,1,'lromero','2006-02-09 18:02:08','lromero','2006-02-13 16:02:43'),(3192,'Remitentes/Destinatarios',NULL,'transp/ins_remdes_remdes.php',NULL,NULL,1,'Administrador','2008-06-13 00:00:00',NULL,NULL),(3193,'Tabla Fletes',NULL,'transp/ins_tablax_fletes.php',NULL,NULL,1,'Administrador','2008-10-16 00:00:00',NULL,NULL),(3201,'Lugares',NULL,NULL,NULL,NULL,1,'ebeleno','2006-02-23 17:19:33','ebeleno','2006-02-23 17:19:53'),(3202,'Ciudades',NULL,'ciudad/mod_lugare_ciudad.php',NULL,NULL,1,'ebeleno','2006-02-23 17:20:26','ebeleno','2006-02-23 17:31:14'),(3203,'Usuarios WAP',NULL,NULL,NULL,NULL,1,'ebeleno','2006-02-27 12:06:55',NULL,NULL),(3204,'Insertar',NULL,'seguridad/ins_usrwap.php',NULL,NULL,1,'ebeleno','2006-02-27 12:07:51',NULL,NULL),(3205,'Listar',NULL,'seguridad/lis_usrwap.php',NULL,NULL,1,'ebeleno','2006-02-27 12:11:18',NULL,NULL),(3206,'Actualizar',NULL,'seguridad/act_usrwap.php',NULL,NULL,1,'ebeleno','2006-02-27 12:11:42',NULL,NULL),(3207,'Eliminar',NULL,'seguridad/eli_usrwap.php',NULL,NULL,1,'ebeleno','2006-02-27 12:12:13',NULL,NULL),(3208,'Novedades',NULL,NULL,NULL,NULL,1,'lromero','2006-03-01 14:27:13',NULL,NULL),(3209,'Insertar',NULL,'noveda/ins_tab_noveda.php',NULL,NULL,1,'lromero','2006-03-01 14:31:49',NULL,NULL),(3210,'Listar',NULL,'noveda/lis_tab_noveda.php',NULL,NULL,1,'lromero','2006-03-01 14:33:25',NULL,NULL),(3211,'Actualizar',NULL,'noveda/act_tab_noveda.php','js/noveda.js',NULL,1,'lromero','2006-03-01 14:34:41',NULL,NULL),(3212,'Eliminar',NULL,'noveda/eli_tab_noveda.php',NULL,NULL,1,'lromero','2006-03-01 14:35:28',NULL,NULL),(3213,'Alertas Visuales',NULL,NULL,NULL,NULL,1,'lromero','2006-03-01 15:05:07',NULL,NULL),(3214,'Insertar',NULL,'config/maestra_alerta_ins.php',NULL,NULL,1,'lromero','2006-03-01 15:07:04',NULL,NULL),(3215,'Listar',NULL,'config/maestra_alerta_lis.php',NULL,NULL,1,'lromero','2006-03-01 15:10:00',NULL,NULL),(3216,'Actualizar',NULL,'config/maestra_alerta_act.php',NULL,NULL,1,'lromero','2006-03-01 15:10:45',NULL,NULL),(3217,'Eliminar',NULL,'config/maestra_alerta_eli.php',NULL,NULL,1,'lromero','2006-03-01 15:12:08',NULL,NULL),(3218,'Cambio de Clave',NULL,'seguridad/act_clavex.php',NULL,NULL,1,'lromero','2006-03-01 15:31:09',NULL,NULL),(3219,'Mensajes de Texto',NULL,NULL,NULL,NULL,1,'Administrador','0000-00-00 00:00:00',NULL,NULL),(3220,'Trayectos',NULL,NULL,NULL,NULL,1,'Administrador','2008-10-28 00:00:00',NULL,NULL),(3224,'Alarmas',NULL,'menava/ins_menava_alarma.php',NULL,NULL,1,'Administrador','0000-00-00 00:00:00',NULL,NULL),(3225,'Dispositivos',NULL,'menava/ins_menava_dispos.php',NULL,NULL,1,'Administrador','0000-00-00 00:00:00',NULL,NULL),(3226,'Operadores',NULL,NULL,NULL,NULL,1,'Administrador','0000-00-00 00:00:00',NULL,NULL),(3227,'Configuracion',NULL,'menava/con_menava_menava.php',NULL,NULL,1,'Administrador','0000-00-00 00:00:00',NULL,NULL),(3228,'Insertar',NULL,'menava/ins_menava_operad.php',NULL,NULL,1,'Administrador','0000-00-00 00:00:00',NULL,NULL),(3229,'Listar',NULL,'menava/ope_menava_menava.php',NULL,NULL,1,'Administrador','0000-00-00 00:00:00',NULL,NULL),(3230,'Insertar',NULL,'trayec/ins_trayec_trayec.php',NULL,NULL,1,'Administrador','2008-10-16 00:00:00',NULL,NULL),(3231,'Listar',NULL,'trayec/lis_trayec_trayec.php',NULL,NULL,1,'Administrador','2008-10-16 00:00:00',NULL,NULL),(3232,'Actualizar',NULL,'trayec/act_trayec_trayec.php',NULL,NULL,1,'Administrador','2008-10-16 00:00:00',NULL,NULL),(3233,'Eliminar',NULL,'trayec/eli_trayec_trayec.php',NULL,NULL,1,'Administrador','2008-10-16 00:00:00',NULL,NULL),(3234,'Turnos',NULL,'',NULL,NULL,1,'Administrador','2008-10-16 00:00:00',NULL,NULL),(3235,'Informe Reportes','Informes de reportes.','report/inf_report_report.php',NULL,NULL,1,'Administrador','2008-10-16 00:00:00',NULL,NULL),(3240,'Puestos Control','Se asignan los puestos de control fisicos que tiene contratados la transportadora','sertra/ins_tercer_contro.php',NULL,NULL,1,'Administrador','2010-11-13 09:39:51',NULL,NULL),(3241,'Tipo de Servicio','Se configura el tipo de servicio que tiene contratado una transportadora','sertra/ins_sertra_sertra.php',NULL,NULL,1,'Administrador','2010-11-13 11:21:58',NULL,NULL),(3302,'Seguimiento','seguimiento del despacho','despac/ins_despac_seguim.php',NULL,NULL,1,'Administrador','0000-00-00 00:00:00',NULL,NULL),(3304,'Emails',NULL,NULL,NULL,NULL,1,'Administrador','2011-04-29 10:54:07',NULL,NULL),(3305,'Alarmas',NULL,'menava/ins_emailx_alarma.php',NULL,NULL,1,'Administrador','2011-04-29 10:57:29',NULL,NULL),(3306,'Asignacion Turnos','asiganacion de turnos',NULL,NULL,NULL,1,'Administrador','2011-04-29 10:57:29',NULL,NULL),(3307,'Empresa','asiganacion de turnos por empresa',NULL,NULL,NULL,1,'Administrador','2011-04-29 10:57:29',NULL,NULL),(3308,'Insertar','asiganacion de turnos por empresa','config/ins_horari_monito.php',NULL,NULL,1,'Administrador','2011-04-29 10:57:29',NULL,NULL),(3309,'Listar','asiganacion de turnos por empresa','config/lis_horari_monito.php',NULL,NULL,1,'Administrador','2011-04-29 10:57:29',NULL,NULL),(3310,'Actualizar','asiganacion de turnos por empresa','config/act_horari_monito.php',NULL,NULL,1,'Administrador','2011-04-29 10:57:29',NULL,NULL),(3311,'Cambiar Bandeja','cambiar la bandeja de entrada','config/cam_bandej_entrad.php',NULL,NULL,1,'Administrador','2011-04-29 10:57:29',NULL,NULL),(3312,'Protocolos','protocolos de empresa',NULL,NULL,NULL,1,'Administrador','2011-04-29 10:57:29',NULL,NULL),(3313,'Tipos','protocolos de empresa','protoc/ins_tiposx_protoc.php',NULL,NULL,1,'Administrador','2011-04-29 10:57:29',NULL,NULL),(3314,'Eventos','protocolos de empresa','protoc/ins_evento_protoc.php',NULL,NULL,1,'Administrador','2011-04-29 10:57:29',NULL,NULL),(3315,'Novedad por Usuario','informes de novedades por usuarios','inform/inf_tiposx_noveda.php',NULL,NULL,1,'Administrador','2011-04-29 10:57:29',NULL,NULL),(3316,'Copiar Turnos','copiado de turnos ','config/cop_horari_monito.php',NULL,NULL,1,'Administrador','2011-04-29 10:57:29',NULL,NULL),(3317,'Activa/Inactivar','Inactiva o Activa usuarios del Sistema','seguridad/ina_usuari_usuari.php',NULL,NULL,1,'Administrador','2011-02-09 00:00:00',NULL,NULL),(3320,'Homologar EAL','Se homologan los puestos de control fisicos que tiene la transportadora con las EAL contratadas','sertra/ins_homolo_ealxxx.php',NULL,NULL,1,'Administrador','2011-10-13 10:34:43',NULL,NULL),(3322,'Tarifas','Tarifas de facturacion de faro',NULL,NULL,NULL,1,'Administrador','2011-12-05 08:52:00',NULL,NULL),(3323,'Tarifa Standa','Tarifas de facturacion de faro Standa',NULL,NULL,NULL,1,'Administrador','2011-12-05 08:52:00',NULL,NULL),(3324,'Inserta','Insertar de Tarifas de facturacion de faro Standa','tarifa/ins_tarifa_standa.php',NULL,NULL,1,'Administrador','2011-12-05 08:52:00',NULL,NULL),(3325,'Listar','Listar de Tarifas de facturacion de faro Standa','tarifa/lis_tarifa_standa.php',NULL,NULL,1,'Administrador','2011-12-05 08:52:00',NULL,NULL),(3326,'Anular','Anular Tarifas de facturacion de faro Standa','tarifa/anu_tarifa_standa.php',NULL,NULL,1,'Administrador','2011-12-05 08:52:00',NULL,NULL),(3327,'Tarifa Empresa','Tarifas de facturacion de faro por Empresa',NULL,NULL,NULL,1,'Administrador','2011-12-05 08:52:00',NULL,NULL),(3328,'Inserta','Insertar de Tarifas de facturacion de faro por Empresa','tarifa/ins_tarifa_transp.php',NULL,NULL,1,'Administrador','2011-12-05 08:52:00',NULL,NULL),(3329,'Listar','Listar de Tarifas de facturacion de faro por Empresa','tarifa/lis_tarifa_transp.php',NULL,NULL,1,'Administrador','2011-12-05 08:52:00',NULL,NULL),(3330,'Anular','Anular Tarifas de facturacion de faro por Empresa','tarifa/anu_tarifa_transp.php',NULL,NULL,1,'Administrador','2011-12-05 08:52:00',NULL,NULL),(3350,'Por Despacho',NULL,'inform/inf_numero_despac.php',NULL,NULL,1,'aortegon','2012-03-27 00:00:00',NULL,NULL),(5000,'Insertar Prueba',NULL,'despac/ins_despac_despac2.php',NULL,NULL,1,'Administrador','2008-10-16 00:00:00',NULL,NULL),(5001,'Reporte',NULL,'report/ins_report_report.php',NULL,NULL,1,'Administrador','2008-10-16 00:00:00',NULL,NULL),(5002,'Insertar',NULL,'ciudad/ins_ciudad_ciudad.php',NULL,NULL,1,'Administrador','2008-10-16 00:00:00',NULL,NULL),(5003,'Facturacion Faro','Lista los seguimientos que ha realizado faro','factur/lis_factur_faroxx.php',NULL,NULL,1,'Administrador','2011-02-21 00:00:00',NULL,NULL),(5004,'Aviso de Suspensión',NULL,'seguridad/ins_servic_suspen.php','js/suspen.js',NULL,1,'Administrador','2011-12-30 08:22:16',NULL,NULL),(5005,'Novedades por Empresa','Informe de novedades por empresa.','inform/inf_noveda_empres.php',NULL,NULL,1,'Administrador','2012-02-17 08:47:00',NULL,NULL),(5006,'Novedades Despachos en Ruta',NULL,'inform/inf_desnov_enruta.php',NULL,NULL,1,'Administrador','2012-05-17 14:20:01','','0000-00-00 00:00:00'),(6000,'Despachos en Transito( 2 )',NULL,'inform/inf_bandej_entrad.php','',NULL,1,'Administrador','2011-12-30 08:22:16',NULL,NULL),(33020,'Seguimiento( 2 )','','inform/inf_despac_seguim.php',NULL,NULL,1,'Administrador','2012-06-01 00:00:00',NULL,NULL);
/*!40000 ALTER TABLE `tab_genera_servic` ENABLE KEYS */;
UNLOCK TABLES;

--
-- Table structure for table `tab_mensaj_alarma`
--

DROP TABLE IF EXISTS `tab_mensaj_alarma`;
CREATE TABLE `tab_mensaj_alarma` (
  `cod_transp` varchar(10) collate latin1_spanish_ci NOT NULL default '',
  `nom_bdsata` varchar(16) collate latin1_spanish_ci NOT NULL default '',
  `dir_dispos` varchar(64) collate latin1_spanish_ci NOT NULL default '',
  `cod_operad` int(5) NOT NULL default '0',
  `cod_alarma` int(3) NOT NULL default '0',
  PRIMARY KEY  (`cod_transp`,`nom_bdsata`,`dir_dispos`,`cod_operad`,`cod_alarma`),
  CONSTRAINT `tab_mensaj_alarma_ibfk_1` FOREIGN KEY (`cod_transp`, `nom_bdsata`, `dir_dispos`, `cod_operad`) REFERENCES `tab_mensaj_dispos` (`cod_transp`, `nom_bdsata`, `dir_dispos`, `cod_operad`) ON DELETE CASCADE ON UPDATE CASCADE
) ENGINE=InnoDB DEFAULT CHARSET=latin1 COLLATE=latin1_spanish_ci;

--
-- Dumping data for table `tab_mensaj_alarma`
--

LOCK TABLES `tab_mensaj_alarma` WRITE;
/*!40000 ALTER TABLE `tab_mensaj_alarma` DISABLE KEYS */;
INSERT INTO `tab_mensaj_alarma` VALUES ('800131683','satt_faro','orland77',70,3),('800131683','satt_faro','orland77',70,4),('809012183','satt_faro','soporte',20,3),('809012183','satt_faro','soporte',20,4),('830002183','satt_faro','maribel.garcia',71,3),('830002183','satt_faro','maribel.garcia',71,4),('830002183','satt_faro','reinaldo.rodriguez',19,1),('830002183','satt_faro','reinaldo.rodriguez',19,2),('830002183','satt_faro','reinaldo.rodriguez',19,3),('830002183','satt_faro','reinaldo.rodriguez',19,4),('830075219','satt_faro','johan.gutierrez',14,1),('830075219','satt_faro','johan.gutierrez',14,2),('830075219','satt_faro','johan.gutierrez',14,3),('830075219','satt_faro','johan.gutierrez',14,4),('830092981','satt_faro','jjpla',294,2),('830092981','satt_faro','jjpla',294,3),('830092981','satt_faro','jjpla',294,4),('830092981','satt_faro','jviveros',219,2),('830092981','satt_faro','jviveros',219,3),('830092981','satt_faro','jviveros',219,4),('830092981','satt_faro','Lrodriguez',240,2),('830092981','satt_faro','Lrodriguez',240,3),('830092981','satt_faro','Lrodriguez',240,4),('830092981','satt_faro','oortiz',220,2),('830092981','satt_faro','oortiz',220,3),('830092981','satt_faro','oortiz',220,4),('830101959','satt_faro','johan.gutierrez',15,1),('830101959','satt_faro','johan.gutierrez',15,2),('830101959','satt_faro','johan.gutierrez',15,3),('830101959','satt_faro','johan.gutierrez',15,4),('860040576','satt_tequem1','johan.gutierrez',12,1),('860040576','satt_tequem1','johan.gutierrez',12,2),('860040576','satt_tequem1','pmelo',11,3),('860040576','satt_tequem1','pmelo',11,4),('900142040','satt_faro','carlosramirodiaz',234,2),('900142040','satt_faro','carlosramirodiaz',234,3),('900142040','satt_faro','carlosramirodiaz',234,4),('900142040','satt_faro','fletesycamionesltda',109,4),('900167384','satt_faro','despachosipiales',232,2),('900167384','satt_faro','despachosipiales',232,3),('900167384','satt_faro','despachosipiales',232,4),('900167384','satt_faro','logistica',233,2),('900167384','satt_faro','logistica',233,3),('900167384','satt_faro','logistica',233,4),('900168467','satt_faro','traficobyza',144,2),('900168467','satt_faro','traficobyza',144,3),('900168467','satt_faro','traficobyza',144,4),('900221755','satt_faro','a.novoa',156,2),('900221755','satt_faro','a.novoa',156,3),('900221755','satt_faro','a.novoa',156,4),('900221755','satt_faro','d.nunez',157,2),('900221755','satt_faro','d.nunez',157,3),('900221755','satt_faro','d.nunez',157,4),('900221755','satt_faro','jg.nunez',303,2),('900221755','satt_faro','jg.nunez',303,3),('900221755','satt_faro','jg.nunez',303,4),('900221755','satt_faro','lm.cantillo',299,2),('900221755','satt_faro','lm.cantillo',299,3),('900221755','satt_faro','lm.cantillo',299,4);
/*!40000 ALTER TABLE `tab_mensaj_alarma` ENABLE KEYS */;
UNLOCK TABLES;

--
-- Table structure for table `tab_mensaj_bdsata`
--

DROP TABLE IF EXISTS `tab_mensaj_bdsata`;
CREATE TABLE `tab_mensaj_bdsata` (
  `cod_transp` varchar(10) collate latin1_spanish_ci NOT NULL default '',
  `nom_bdsata` varchar(16) collate latin1_spanish_ci NOT NULL default '',
  `nom_transp` varchar(64) collate latin1_spanish_ci NOT NULL default '',
  `val_diftim` int(5) NOT NULL default '0',
  `ind_estado` char(1) collate latin1_spanish_ci NOT NULL default '1',
  `usr_creaci` varchar(32) collate latin1_spanish_ci NOT NULL default '',
  `fec_creaci` datetime NOT NULL default '0000-00-00 00:00:00',
  `usr_modifi` varchar(32) collate latin1_spanish_ci default NULL,
  `fec_modifi` datetime default NULL,
  PRIMARY KEY  (`cod_transp`,`nom_bdsata`)
) ENGINE=InnoDB DEFAULT CHARSET=latin1 COLLATE=latin1_spanish_ci;

--
-- Dumping data for table `tab_mensaj_bdsata`
--

LOCK TABLES `tab_mensaj_bdsata` WRITE;
/*!40000 ALTER TABLE `tab_mensaj_bdsata` DISABLE KEYS */;
INSERT INTO `tab_mensaj_bdsata` VALUES ('800008932','satt_faro','Transportes comerciales Colombianos-Transcomercol',0,'1','mgarcia','2011-10-18 08:03:14','mgarcia','2012-07-17 16:27:41'),('800021603','satt_faro','Expreso Cartago Ltda.',0,'1','mgarcia','2011-09-08 11:14:31','mgarcia','2012-07-17 16:27:41'),('800030925','satt_faro','INDUSTRIAS FALCON LTDA',0,'1','MGARCIA','2011-09-21 09:41:21','mgarcia','2012-07-17 16:27:41'),('800049848','satt_faro','Transportadora La Paila y Cia Ltda',0,'1','mgarcia','2011-09-10 14:05:08','mgarcia','2012-07-17 16:27:41'),('800064459','satt_faro','MOVILIZADORA ANDINA',0,'1','mgarcia','2011-09-19 11:15:06','mgarcia','2012-07-17 16:27:41'),('800075672','satt_faro','Sociedad Transportadora Vargas Ltda',0,'1','lramirez','2011-09-09 18:16:09','mgarcia','2012-07-17 16:27:41'),('800090262','satt_faro','TRANSPORTES ESPECIALES ENOC MEJIA Y CIA',0,'1','mgarcia','2011-09-10 08:02:43','mgarcia','2012-07-17 16:27:41'),('800120636','satt_faro','Discocarga Ltda.',0,'1','mgarcia','2011-09-08 11:41:04','mgarcia','2012-07-17 16:27:41'),('800126885','satt_faro','QUINDIANA',0,'1','mgarcia','2011-09-09 09:44:53','mgarcia','2012-07-17 16:27:41'),('800131683','satt_faro','JUST TIME LOGISTICA LTDA',0,'1','rrodriguez','2011-09-14 07:47:32','mgarcia','2012-07-17 16:27:41'),('800133109','satt_faro','Transportes Multilinea Ltda',0,'1','MGARCIA','2012-03-16 10:21:50','mgarcia','2012-07-17 16:27:41'),('800141915','satt_faro','ROYALTRANS',0,'1','mgarcia','2012-02-23 22:36:28','mgarcia','2012-07-17 16:27:41'),('800148596','satt_demo','TRAPRUEBA',90,'1','satt-demo','2008-05-16 16:53:12','satt-demo','2008-09-18 08:51:34'),('800177598','satt_faro','Tractocamiones del Caribe - Tractocar S.A.',0,'1','desarrollo','2012-03-21 08:43:12','mgarcia','2012-07-17 16:27:41'),('800183171','satt_faro','Transportes Rapido Galeras Ltda',0,'1','mgarcia','2011-09-10 08:02:43','mgarcia','2012-07-17 16:27:41'),('800202918','satt_faro','INTEGRAL DE CARGA LTDA',0,'1','mgarcia','2012-05-25 09:43:12','mgarcia','2012-07-17 16:27:41'),('800205587','satt_faro','VOLCOS Y TANQUES DEL VALLE LTDA',1,'1','desarrollo','2011-09-07 16:41:43','mgarcia','2012-07-17 16:27:41'),('800221881','satt_faro','Transportes JR Tobon Cia Ltda',0,'1','mgarcia','2011-11-23 02:19:44','mgarcia','2012-07-17 16:27:41'),('805020223','satt_faro','Servicomex Logistica S.A.S (antes Betelcom Ltda.)',0,'1','mgarcia','2011-09-20 10:13:49','mgarcia','2012-07-17 16:27:41'),('805022343','satt_faro','Multicentro Camionero San Jose S:A',0,'1','mgarcia','2012-03-29 09:12:25','mgarcia','2012-07-17 16:27:41'),('805027046','satt_faro','TRANSPORTES CAMIONES Y CAMIONES LTDA.',5,'1','faro','2010-02-18 09:01:09','mgarcia','2012-07-17 16:27:41'),('806014425','satt_faro','EMPRESA PRECOOPERATIVA TRANSPORTES Y LOGISTICA EFI',0,'1','mgarcia','2011-09-10 13:00:33','mgarcia','2012-07-17 16:27:41'),('809000555','satt_faro','TRANSPORTES AGRINSA S.A.',0,'1','MGARCIA','2011-11-18 18:11:49','mgarcia','2012-07-17 16:27:41'),('809012183','satt_faro','INVERSIONISTAS DE CARGA LTDA',5,'1','rrodriguez','2011-03-02 15:51:45','mgarcia','2012-07-17 16:27:41'),('811001497','satt_faro','Logistica y Transportes TGB',0,'1','MGARCIA','2011-11-29 17:23:47','mgarcia','2012-07-17 16:27:41'),('811007279','satt_demo','TRANSPORTADORA SAT BASICO',90,'1','satt-demo','2008-05-19 11:52:29','satt-demo','2008-09-18 08:51:34'),('811039011','satt_faro','Cooperativa Transporte Carga',0,'1','mgarcia','2011-09-20 16:56:17','mgarcia','2012-07-17 16:27:41'),('811047103','satt_faro','R&M CARGA S.A.',0,'1','mgarcia','2011-09-28 06:30:13','mgarcia','2012-07-17 16:27:41'),('816006401','satt_faro','CARGA Y TRASTEOS UNIDOS LTDA',0,'1','mgarcia','2011-09-10 08:02:43','mgarcia','2012-07-17 16:27:41'),('822006143','satt_faro','LOGISTICA INTEGRAL ANDINA',0,'1','lramirez','2011-09-08 19:01:20','mgarcia','2012-07-17 16:27:41'),('830002183','satt_faro','TRANSPORTES LOGISEGURO',0,'1','rrodriguez','2011-01-03 11:57:44','mgarcia','2012-07-17 16:27:41'),('830025895','satt_demo','TRANSPORTES RAPIDISIMOS',90,'1','satt-demo','2008-05-16 16:59:42','satt-demo','2008-09-18 08:51:34'),('830075219','satt_faro','INGENIERIA EQUIPOS Y TRANSPORTES S.A.',5,'1','faro','2009-04-23 12:02:03','mgarcia','2012-07-17 16:27:41'),('830091634','satt_faro','LOGIC EXPRESS LTDA',0,'1','mgarcia','2011-09-10 08:02:43','mgarcia','2012-07-17 16:27:41'),('830092136','satt_faro','Cooperativa de Transportes Primeros en Carga',0,'1','lramirez','2011-10-20 11:38:54','mgarcia','2012-07-17 16:27:41'),('830092981','satt_faro','TRANSPORTES PLANET  LTDA',0,'1','lramirez','2011-09-09 17:10:11','mgarcia','2012-07-17 16:27:41'),('830096532','satt_faro','TRANSPORTES ORO SOL',0,'1','mgarcia','2011-09-10 11:36:25','mgarcia','2012-07-17 16:27:41'),('830099144','satt_faro','TRASNPORTADORA LOPEGRANELES LTDA',0,'1','mgarcia','2012-05-04 22:12:57','mgarcia','2012-07-17 16:27:41'),('830099596','satt_faro','TRANSPORTADORA MERCANTIL LTDA',0,'1','mgarcia','2011-09-09 10:21:07','mgarcia','2012-07-17 16:27:41'),('830101959','satt_faro','Transportes Logisticos de Carga GMT Ltda',5,'1','faro','2009-04-23 12:03:15','mgarcia','2012-07-17 16:27:41'),('830110727','satt_faro','Transportes Logisticos de Colombia',0,'1','mgarcia','2011-09-09 10:09:56','mgarcia','2012-07-17 16:27:41'),('830117650','satt_faro','PROCARGO',0,'1','mgarcia','2011-10-06 17:17:55','mgarcia','2012-07-17 16:27:41'),('837000785','satt_faro','Transportadora Andes Ltda.',0,'1','lramirez','2011-09-22 17:00:12','mgarcia','2012-07-17 16:27:41'),('860040576','satt_tequem','COLTANQUES S.A.',20,'1','admin-tequem','2008-07-29 08:22:22',NULL,NULL),('860040576','satt_tequem1','COLTANQUES S.A.',60,'1','admin-tequem1','2008-07-29 15:06:41',NULL,NULL),('860053746','satt_faro','Sotranscol Ltda -Nueva Sociedad de Transportadores',0,'1','mgarcia','2012-04-27 09:33:39','mgarcia','2012-07-17 16:27:41'),('860055942','satt_faro','Transportes Nuevo Horizonte S.A.',0,'1','mgarcia','2012-04-27 09:25:36','mgarcia','2012-07-17 16:27:41'),('87711401','satt_faro','Transportes Byza E.U.',0,'1','mgarcia','2012-07-17 16:27:41',NULL,NULL),('890000357','satt_faro','Catorce Catorce S.A.',0,'1','MGARCIA','2012-03-13 13:16:16','mgarcia','2012-07-17 16:27:41'),('890902878','satt_faro','Transportes Segovia y Cia S.C.A',0,'1','mgarcia','2011-10-03 07:26:58','mgarcia','2012-07-17 16:27:41'),('891700037','satt_faro','MAPFRE',5,'1','faro','2009-10-01 17:05:31','mgarcia','2012-07-17 16:27:41'),('891900366','satt_faro','Cooperativa intergral de Transporte Cartago',0,'1','mgarcia','2011-09-10 08:02:43','mgarcia','2012-07-17 16:27:41'),('900011368','satt_faro','Transportadora Logistica de Carga',0,'1','mgarcia','2011-09-09 09:55:31','mgarcia','2012-07-17 16:27:41'),('900012501','satt_faro','Transporte de Libre Comercio - TLC S.A',0,'1','mgarcia','2011-09-09 09:55:31','mgarcia','2012-07-17 16:27:41'),('900014965','satt_faro','Cooperativa de transportadores y conductores unidos  por colombi',1,'1','rrodriguez','2011-05-24 09:33:17','mgarcia','2012-07-17 16:27:41'),('900029975','satt_faro','Sisa Cargo Internacional Ltda.',0,'1','mgarcia','2011-09-10 08:02:43','mgarcia','2012-07-17 16:27:41'),('900033633','satt_faro','TRANSPORTES PORTILLA S.A.S',0,'1','mgarcia','2011-09-08 11:01:08','mgarcia','2012-07-17 16:27:41'),('900052023','satt_faro','TRANSPORTES NACIONALES ARANDA LTDA',0,'1','mgarcia','2011-10-06 17:17:55','mgarcia','2012-07-17 16:27:41'),('900056024','satt_faro','TRANSPORTES ESPECIALES MEJISA S.A',0,'1','mgarcia','2011-09-10 12:28:08','mgarcia','2012-07-17 16:27:41'),('900060415','satt_faro','Transportes American Logististics Ltda',0,'1','MGARCIA','2011-09-09 09:21:58','mgarcia','2012-07-17 16:27:41'),('900069866','satt_faro','Empresa Colombiana de Transportes JE S.A.',0,'1','mgarcia','2012-01-03 18:48:02','mgarcia','2012-07-17 16:27:41'),('900070203','satt_faro','Euro Transportes S.A.',0,'1','mgarcia','2012-01-11 01:29:56','mgarcia','2012-07-17 16:27:41'),('900074460','satt_faro','COOPERATIVA LOGICARGO',0,'1','mgarcia','2011-09-09 10:33:03','mgarcia','2012-07-17 16:27:41'),('900090527','satt_faro','Quibdoseña de Transportes S.A.',0,'1','lramirez','2011-09-09 17:21:11','mgarcia','2012-07-17 16:27:41'),('900113804','satt_faro','GLOBAL LOGISTICS SERVICES LTDA',0,'1','MGARCIA','2011-11-26 02:44:50','mgarcia','2012-07-17 16:27:41'),('900116432','satt_faro','GLOBAL DE TRASLADOS ESPECIALIZADOS',0,'1','MGARCIA','2012-02-06 21:30:47','mgarcia','2012-07-17 16:27:41'),('900118604','satt_faro','Transportes Colombia AR Ltda.',0,'1','mgarcia','2012-02-03 13:10:52','mgarcia','2012-07-17 16:27:41'),('900124171','satt_faro','  TRANSPORTES EN LINEA S.A.',0,'1','mgarcia','2012-07-04 16:52:45','mgarcia','2012-07-17 16:27:41'),('900142040','satt_demo','FLETES Y CAMIONES LOGISTIC LTDA',90,'1','satt-demo','2008-09-15 09:14:36','satt-demo','2008-09-18 08:51:34'),('900142040','satt_faro','FLETES Y CAMIONES LOGISTIC',0,'1','plopez','2011-09-22 08:26:07','mgarcia','2012-07-17 16:27:41'),('900156984','satt_faro','Sociedad Transportadora de Colombia S.A',0,'1','mgarcia','2012-04-27 09:33:04','mgarcia','2012-07-17 16:27:41'),('900159872','satt_faro','Transportes Estelar de Colombia Ltda.',0,'1','mgarcia','2011-10-06 17:22:44','mgarcia','2012-07-17 16:27:41'),('900162760','satt_faro','TRANSPORTE OLA S.A',0,'1','MGARCIA','2012-02-04 20:28:18','mgarcia','2012-07-17 16:27:41'),('900167384','satt_faro','Transportes Gran Colombia Ltda.',0,'1','mgarcia','2011-09-10 08:02:43','mgarcia','2012-07-17 16:27:41'),('900168467','satt_faro','Grupo Byza Soluciones S.A.S',0,'1','mgarcia','2011-09-10 08:02:43','mgarcia','2012-07-17 16:27:41'),('900169861','satt_faro','Transporte Internacional Galeras TIG Ltda.',0,'1','MGARCIA','2011-09-21 12:09:52','mgarcia','2012-07-17 16:27:41'),('900171163','satt_faro','Transemcar P.B. Ltda.',0,'1','plopez','2011-09-22 08:26:07','mgarcia','2012-07-17 16:27:41'),('900171734','satt_faro','Logistica F.T.A & CIA',0,'1','MGARCIA','2011-11-21 20:44:27','mgarcia','2012-07-17 16:27:41'),('900180415','satt_faro','B&S Integral de Carga S.A.',0,'1','mgarcia','2012-01-04 07:17:22','mgarcia','2012-07-17 16:27:41'),('900206163','satt_faro','Logistica Comercial de Colombia S.A.',0,'1','mgarcia','2011-09-10 07:56:33','mgarcia','2012-07-17 16:27:41'),('900213844','satt_faro','Multiservicios en Logísitca y Transportes ML&T Ltd',0,'1','mgarcia','2011-09-10 08:02:43','mgarcia','2012-07-17 16:27:41'),('900214466','satt_faro','Sabetrans Ltda.',0,'1','mgarcia','2011-10-06 08:09:10','mgarcia','2012-07-17 16:27:41'),('900221755','satt_faro','EMPRESA PRECOOPERATIVA DE TRANSPORTE INTERNACIONAL',5,'1','faro','2010-02-18 09:06:02','mgarcia','2012-07-17 16:27:41'),('900243606','satt_faro','C.I.INVERSIONES AGROPECUA',0,'1','rrodriguez','2011-09-07 17:05:12','mgarcia','2012-07-17 16:27:41'),('900301751','satt_faro','SOLUCIONES LOGISTICAS ENVIEXPRES TRANSPORTES S.A',0,'1','mgarcia','2011-10-06 17:17:55','mgarcia','2012-07-17 16:27:41'),('900303375','satt_faro','Transportes Recrecarga S.A.S.',0,'1','mgarcia','2011-09-10 08:02:43','mgarcia','2012-07-17 16:27:41'),('900306833','satt_faro','Gestión y Logística de Transportes S.A.S.',0,'1','mgarcia','2012-02-03 13:10:52','mgarcia','2012-07-17 16:27:41'),('900308992','satt_faro','Empresa Logistica de Transporte ELT S.A',0,'1','mgarcia','2012-05-15 03:09:30','mgarcia','2012-07-17 16:27:41'),('900315121','satt_faro','Ruta Express S.A.S',0,'1','mgarcia','2012-02-03 13:10:52','mgarcia','2012-07-17 16:27:41'),('900419270','satt_faro','K Logistics',0,'1','mgarcia','2012-01-03 11:37:35','mgarcia','2012-07-17 16:27:41'),('900431160','satt_faro','Tecnicarga Logistica S.A.S',0,'1','mgarcia','2012-04-24 15:58:12','mgarcia','2012-07-17 16:27:41'),('900438008','satt_faro','TRANSPORTAL LOGISTICA SAS',0,'1','mgarcia','2012-02-10 07:15:51','mgarcia','2012-07-17 16:27:41'),('900438167','satt_faro',' LOGISTICA EN EL TRANSPORTE S.A.S.',0,'1','mgarcia','2012-05-21 07:56:51','mgarcia','2012-07-17 16:27:41'),('900440009','satt_faro','Transportadora de Carga por Colombia S.A.S.',0,'1','mgarcia','2012-02-24 00:45:57','mgarcia','2012-07-17 16:27:41'),('900472027','satt_faro','Transportadora Logistica Ortega S A S',0,'1','mgarcia','2012-02-22 06:57:47','mgarcia','2012-07-17 16:27:41'),('900483905','satt_faro','Transportes Maxicargas SAS',0,'1','MGARCIA','2012-02-08 01:58:48','mgarcia','2012-07-17 16:27:41');
/*!40000 ALTER TABLE `tab_mensaj_bdsata` ENABLE KEYS */;
UNLOCK TABLES;

--
-- Table structure for table `tab_mensaj_dispos`
--

DROP TABLE IF EXISTS `tab_mensaj_dispos`;
CREATE TABLE `tab_mensaj_dispos` (
  `cod_transp` varchar(10) collate latin1_spanish_ci NOT NULL default '',
  `nom_bdsata` varchar(16) collate latin1_spanish_ci NOT NULL default '',
  `dir_dispos` varchar(64) collate latin1_spanish_ci NOT NULL default '',
  `cod_operad` int(5) NOT NULL default '0',
  `fec_prxmen` datetime NOT NULL default '0000-00-00 00:00:00',
  `ind_novala` char(1) collate latin1_spanish_ci NOT NULL default '0',
  `ind_emares` char(1) collate latin1_spanish_ci NOT NULL default '0',
  `ind_emailx` char(1) collate latin1_spanish_ci default NULL COMMENT 'Indicador que determina si el cron envia email por cada cambio de alarma',
  `ind_estado` char(1) collate latin1_spanish_ci NOT NULL default '1',
  PRIMARY KEY  (`cod_transp`,`nom_bdsata`,`dir_dispos`,`cod_operad`),
  KEY `cod_operad` (`cod_operad`),
  CONSTRAINT `tab_mensaj_dispos_ibfk_1` FOREIGN KEY (`cod_transp`, `nom_bdsata`) REFERENCES `tab_mensaj_bdsata` (`cod_transp`, `nom_bdsata`) ON DELETE CASCADE ON UPDATE CASCADE,
  CONSTRAINT `tab_mensaj_dispos_ibfk_2` FOREIGN KEY (`cod_operad`) REFERENCES `tab_mensaj_operad` (`cod_operad`) ON UPDATE CASCADE
) ENGINE=InnoDB DEFAULT CHARSET=latin1 COLLATE=latin1_spanish_ci;

--
-- Dumping data for table `tab_mensaj_dispos`
--

LOCK TABLES `tab_mensaj_dispos` WRITE;
/*!40000 ALTER TABLE `tab_mensaj_dispos` DISABLE KEYS */;
INSERT INTO `tab_mensaj_dispos` VALUES ('800008932','satt_faro','carlos.zapata',115,'0000-00-00 00:00:00','1','0','1','1'),('800008932','satt_faro','sebastian.mesa',114,'0000-00-00 00:00:00','1','0','1','1'),('800021603','satt_faro','expresocartago',25,'0000-00-00 00:00:00','1','0','1','1'),('800021603','satt_faro','supervisores',87,'0000-00-00 00:00:00','','0','1',''),('800021603','satt_faro','Supervisores FARO',27,'0000-00-00 00:00:00','','0','1',''),('800030925','satt_faro','logisticatrans',83,'0000-00-00 00:00:00','1','0','1','1'),('800030925','satt_faro','transportebuga',113,'0000-00-00 00:00:00','1','0','1','1'),('800030925','satt_faro','transportesmedellin',290,'0000-00-00 00:00:00','1','0','1','1'),('800049848','satt_faro','translapaila50',68,'0000-00-00 00:00:00','1','0','1','1'),('800064459','satt_faro','moviandina',73,'0000-00-00 00:00:00','1','0','1','1'),('800064459','satt_faro','santiagojmoviandina',257,'0000-00-00 00:00:00','1','0','1','1'),('800075672','satt_faro','JAVIER',41,'0000-00-00 00:00:00','1','0','1','1'),('800075672','satt_faro','pedroalfonsoayala2000',229,'0000-00-00 00:00:00','1','0','1','1'),('800075672','satt_faro','pedroayala2006',67,'0000-00-00 00:00:00','','0','1',''),('800090262','satt_faro','carga',61,'0000-00-00 00:00:00','1','0','1','1'),('800090262','satt_faro','oma520',65,'0000-00-00 00:00:00','1','0','1','1'),('800090262','satt_faro','operaciones.palmira',134,'0000-00-00 00:00:00','0','0',NULL,'1'),('800090262','satt_faro','palmira.electronico',133,'0000-00-00 00:00:00','0','0',NULL,'1'),('800120636','satt_faro','helver.sanchez',28,'0000-00-00 00:00:00','1','0','1','1'),('800120636','satt_faro','supervisores',29,'0000-00-00 00:00:00','1','0','1','1'),('800126885','satt_faro','cooperativalaquindiana',33,'0000-00-00 00:00:00','1','0','1','1'),('800131683','satt_faro','orland77',70,'0000-00-00 00:00:00','1','0','1','1'),('800133109','satt_faro','multilineatransporte',238,'0000-00-00 00:00:00','1','0','1','1'),('800148596','satt_demo','johan.gutierrez',5,'2008-05-20 20:49:29','0','0',NULL,'1'),('800148596','satt_demo','katerine.florez',5,'0000-00-00 00:00:00','0','0',NULL,'1'),('800177598','satt_faro','jeimi.lopez',248,'0000-00-00 00:00:00','1','0','1','1'),('800177598','satt_faro','nicolas',249,'0000-00-00 00:00:00','0','0',NULL,'1'),('800177598','satt_faro','seguridad',246,'0000-00-00 00:00:00','1','0','1','1'),('800177598','satt_faro','walvarado',245,'0000-00-00 00:00:00','1','0','1','1'),('800183171','satt_faro','mesa.paul',69,'0000-00-00 00:00:00','1','0','1','1'),('800202918','satt_faro','comercialintegraldecarga',276,'0000-00-00 00:00:00','1','0','1','1'),('800202918','satt_faro','jeimyandrea22',275,'0000-00-00 00:00:00','1','0','1','1'),('800221881','satt_faro','servicioalcliente',140,'0000-00-00 00:00:00','1','0','1','1'),('800221881','satt_faro','vmesa',141,'0000-00-00 00:00:00','1','0','1','1'),('805020223','satt_faro','azapata@servicomex.net',221,'0000-00-00 00:00:00','1','0','1','1'),('805020223','satt_faro','drodriguez',95,'0000-00-00 00:00:00','1','0','1','1'),('805022343','satt_faro','multicentrosanjose',252,'0000-00-00 00:00:00','1','0','1','1'),('805022343','satt_faro','transportesmccartagena',274,'0000-00-00 00:00:00','1','0','1','1'),('806014425','satt_faro','ovenegas@tleficaz.net',172,'0000-00-00 00:00:00','1','0','1','1'),('806014425','satt_faro','tagiraldo',104,'0000-00-00 00:00:00','1','0','1','1'),('809000555','satt_faro','Control.Trafico',175,'0000-00-00 00:00:00','1','0','1','1'),('809000555','satt_faro','ControlTrafico',135,'0000-00-00 00:00:00','','0','1',''),('809000555','satt_faro','hugo.malagon',181,'0000-00-00 00:00:00','','0','1','1'),('809000555','satt_faro','juan.reyes',137,'0000-00-00 00:00:00','','0','1',''),('809000555','satt_faro','Mauricio.Forero',136,'0000-00-00 00:00:00','','0','1',''),('809000555','satt_faro','supervisores',138,'0000-00-00 00:00:00','1','0','1','1'),('809012183','satt_faro','soporte',20,'0000-00-00 00:00:00','1','0',NULL,'1'),('811001497','satt_faro','angelausabrokers',149,'0000-00-00 00:00:00','1','0','1','1'),('811001497','satt_faro','tgb',148,'0000-00-00 00:00:00','','0','1',''),('811001497','satt_faro','tgb',150,'0000-00-00 00:00:00','','0','1','1'),('811001497','satt_faro','tgbmedellin',160,'0000-00-00 00:00:00','','0','1','1'),('811001497','satt_faro','tgbmedellin',168,'0000-00-00 00:00:00','1','0','1','1'),('811039011','satt_faro','cootracar2000',80,'0000-00-00 00:00:00','','0','1',''),('811039011','satt_faro','fescobarlogistica',81,'0000-00-00 00:00:00','1','0','1','1'),('811039011','satt_faro','g.j.piedrahita',237,'0000-00-00 00:00:00','1','0','1','1'),('811039011','satt_faro','leonjimenezz',82,'0000-00-00 00:00:00','1','0','1','1'),('811047103','satt_faro','rymcarga',93,'0000-00-00 00:00:00','1','0','1','1'),('816006401','satt_faro','angelacargaytrasteos',56,'0000-00-00 00:00:00','1','0','1','1'),('816006401','satt_faro','ctrasteosunidos',55,'0000-00-00 00:00:00','1','0','1','1'),('816006401','satt_faro','cytbarranquilla',54,'0000-00-00 00:00:00','1','0','1','1'),('816006401','satt_faro','medellin',52,'0000-00-00 00:00:00','1','0','1','1'),('822006143','satt_faro','BOGOTA',30,'0000-00-00 00:00:00','1','0','1','1'),('822006143','satt_faro','jefeoperativo',31,'0000-00-00 00:00:00','1','0','1','1'),('830002183','satt_faro','maribel.garcia',71,'0000-00-00 00:00:00','1','0','1','1'),('830002183','satt_faro','reinaldo.rodriguez',19,'0000-00-00 00:00:00','1','0','1','1'),('830075219','satt_faro','inetran',76,'0000-00-00 00:00:00','1','0','1','1'),('830075219','satt_faro','inetrancali',75,'0000-00-00 00:00:00','1','0','1','1'),('830075219','satt_faro','inetrandespachos',79,'0000-00-00 00:00:00','1','0','1','1'),('830075219','satt_faro','johan.gutierrez',14,'0000-00-00 00:00:00','','0','1',''),('830091634','satt_faro','operaciones',86,'0000-00-00 00:00:00','1','0','1','1'),('830091634','satt_faro','seguridad',84,'0000-00-00 00:00:00','1','0','1','1'),('830092136','satt_faro','alfatrans',124,'0000-00-00 00:00:00','1','0','1','1'),('830092981','satt_faro','jjpla',294,'0000-00-00 00:00:00','','0','1','1'),('830092981','satt_faro','jviveros',219,'0000-00-00 00:00:00','1','0','1','1'),('830092981','satt_faro','Lrodriguez',240,'0000-00-00 00:00:00','1','0','1','1'),('830092981','satt_faro','oortiz',220,'0000-00-00 00:00:00','1','0','1','1'),('830096532','satt_faro','gciadministrativa',171,'0000-00-00 00:00:00','0','0',NULL,'1'),('830096532','satt_faro','trafico',51,'0000-00-00 00:00:00','1','0','1','1'),('830099144','satt_faro','lopegraneles',267,'0000-00-00 00:00:00','1','0','1','1'),('830099144','satt_faro','lopegraneles',268,'0000-00-00 00:00:00','1','0','1','1'),('830099596','satt_faro','despachos',258,'0000-00-00 00:00:00','1','0','1','1'),('830099596','satt_faro','despachosmercantil',36,'0000-00-00 00:00:00','','0','1',''),('830101959','satt_faro','johan.gutierrez',15,'0000-00-00 00:00:00','1','0',NULL,'0'),('830110727','satt_faro','jhernandez2307',35,'0000-00-00 00:00:00','1','0','1','1'),('830110727','satt_faro','servicio.prologis',34,'0000-00-00 00:00:00','1','0','1','1'),('830117650','satt_faro','aux-nacionales',253,'0000-00-00 00:00:00','1','0','1','1'),('830117650','satt_faro','hvaldelamar',128,'0000-00-00 00:00:00','1','0','1','1'),('837000785','satt_faro','transandesventas',130,'0000-00-00 00:00:00','1','0','1','1'),('837000785','satt_faro','trasandesistemas',91,'0000-00-00 00:00:00','','0','1','1'),('860040576','satt_tequem1','johan.gutierrez',12,'0000-00-00 00:00:00','1','0',NULL,'1'),('860040576','satt_tequem1','pmelo',11,'2008-10-08 13:25:03','1','0',NULL,'1'),('860053746','satt_faro','sotranscolombianoslrtd',263,'0000-00-00 00:00:00','','0','1',''),('860053746','satt_faro','sotranscolvalladolid',269,'0000-00-00 00:00:00','1','0','1','1'),('860055942','satt_faro','tnhasistentecarga',262,'0000-00-00 00:00:00','1','0','1','1'),('87711401','satt_faro','grupobyza',304,'0000-00-00 00:00:00','1','0','1','1'),('890000357','satt_faro','logisticaentransportev',236,'0000-00-00 00:00:00','1','0','1','1'),('890902878','satt_faro','transegovia',98,'0000-00-00 00:00:00','1','0','1','1'),('891700037','satt_faro','lpcifue',126,'0000-00-00 00:00:00','','0','1','1'),('891700037','satt_faro','mctorre',127,'0000-00-00 00:00:00','','0','1','1'),('891700037','satt_faro','SISTEMA',125,'0000-00-00 00:00:00','','0','1','1'),('891900366','satt_faro','blancalondono.comercial',92,'0000-00-00 00:00:00','1','0','1','1'),('891900366','satt_faro','cootranscart',58,'0000-00-00 00:00:00','','0','1',''),('891900366','satt_faro','luzaceballos.seguridad',92,'0000-00-00 00:00:00','1','0','1','1'),('900011368','satt_faro','alejandro.sandoval',97,'0000-00-00 00:00:00','','0','1',''),('900011368','satt_faro','carolina.serna',96,'0000-00-00 00:00:00','1','0','1','1'),('900011368','satt_faro','despachos',235,'0000-00-00 00:00:00','1','0','1','1'),('900014965','satt_faro','coounida.buenaventura',42,'0000-00-00 00:00:00','1','0','1','1'),('900029975','satt_faro','despachouno',46,'0000-00-00 00:00:00','1','0','1','1'),('900029975','satt_faro','direccionctg',45,'0000-00-00 00:00:00','1','0','1','1'),('900033633','satt_faro','gorozco',100,'0000-00-00 00:00:00','1','0','1','1'),('900033633','satt_faro','jbernal',23,'0000-00-00 00:00:00','1','0','1','1'),('900033633','satt_faro','nelson.g',230,'0000-00-00 00:00:00','1','0','1','1'),('900033633','satt_faro','svargas',101,'0000-00-00 00:00:00','','0','1',''),('900052023','satt_faro','tnaltda',110,'0000-00-00 00:00:00','','0','1',''),('900052023','satt_faro','trafico',222,'0000-00-00 00:00:00','1','0','1','1'),('900056024','satt_faro','agredomaurico',64,'0000-00-00 00:00:00','1','0','1','1'),('900056024','satt_faro','geovanny',62,'0000-00-00 00:00:00','1','0','1','1'),('900056024','satt_faro','transcargamejisa',99,'0000-00-00 00:00:00','1','0','1','1'),('900060415','satt_faro',' tal-900',288,'0000-00-00 00:00:00','1','0','1','1'),('900060415','satt_faro','halza.z',289,'0000-00-00 00:00:00','1','0','1','1'),('900060415','satt_faro','transamericanlogistics',32,'0000-00-00 00:00:00','1','0','1','1'),('900069866','satt_faro','trafico',162,'0000-00-00 00:00:00','1','0','1','1'),('900069866','satt_faro','trafico',163,'0000-00-00 00:00:00','1','0','1','1'),('900069866','satt_faro','trafico@transportesje.com',231,'0000-00-00 00:00:00','0','0',NULL,'1'),('900070203','satt_faro','transeurogerenciacosta',166,'0000-00-00 00:00:00','1','0','1','1'),('900070203','satt_faro','transura',167,'0000-00-00 00:00:00','1','0','1','1'),('900074460','satt_faro','ricologicargo',37,'0000-00-00 00:00:00','1','0','1','1'),('900090527','satt_faro','QUIBDOSEÃ‘A',40,'0000-00-00 00:00:00','1','0','1','1'),('900090527','satt_faro','quitrans',74,'0000-00-00 00:00:00','1','0','1','1'),('900113804','satt_faro','glsltda',145,'0000-00-00 00:00:00','1','0','1','1'),('900116432','satt_faro','b.salgado',180,'0000-00-00 00:00:00','1','0','1','1'),('900116432','satt_faro','globaldetrasladosespecializado',179,'0000-00-00 00:00:00','1','0','1','1'),('900118604','satt_faro','servicioalcliente',228,'0000-00-00 00:00:00','1','0','1','1'),('900118604','satt_faro','transcolombiamed',223,'0000-00-00 00:00:00','1','0','1','1'),('900124171','satt_faro','adjumor',291,'0000-00-00 00:00:00','1','0','1','1'),('900142040','satt_faro','carlosramirodiaz',234,'0000-00-00 00:00:00','1','0','1','1'),('900142040','satt_faro','fletesycamionesltda',109,'0000-00-00 00:00:00','1','0','1','1'),('900159872','satt_faro',' estelardespachos',123,'0000-00-00 00:00:00','1','0','1','1'),('900159872','satt_faro','transestelar',122,'0000-00-00 00:00:00','1','0','1','1'),('900162760','satt_faro','O.Logistica',177,'0000-00-00 00:00:00','1','0','1','1'),('900162760','satt_faro','o.logistica01',178,'0000-00-00 00:00:00','1','0','1','1'),('900167384','satt_faro','despachosipiales',232,'0000-00-00 00:00:00','1','0','1','1'),('900167384','satt_faro','logistica',233,'0000-00-00 00:00:00','1','0','1','1'),('900168467','satt_faro','traficobyza',144,'0000-00-00 00:00:00','1','0','1','1'),('900169861','satt_faro','tigltdapasto',88,'0000-00-00 00:00:00','1','0','1','1'),('900171163','satt_faro','transemcarpvdespachos',89,'0000-00-00 00:00:00','1','0','1','1'),('900171734','satt_faro','gerencia',139,'0000-00-00 00:00:00','1','0','1','1'),('900180415','satt_faro','ajaramillo',165,'0000-00-00 00:00:00','','0','1','1'),('900180415','satt_faro','jborrero',164,'0000-00-00 00:00:00','','0','1','1'),('900206163','satt_faro','antonio.cardona',283,'0000-00-00 00:00:00','1','0','1','1'),('900206163','satt_faro','antoniocardona.c',285,'0000-00-00 00:00:00','1','0','1','1'),('900206163','satt_faro','hernan.cuartas',286,'0000-00-00 00:00:00','1','0','1','1'),('900206163','satt_faro','james.gutierrez',287,'0000-00-00 00:00:00','1','0','1','1'),('900213844','satt_faro','mltltda',112,'0000-00-00 00:00:00','1','0','1','1'),('900213844','satt_faro','operacionesmltltda',174,'0000-00-00 00:00:00','1','0','1','1'),('900214466','satt_faro','aridaza',105,'0000-00-00 00:00:00','1','0','1','1'),('900214466','satt_faro','sabetransltda',106,'0000-00-00 00:00:00','1','0','1','1'),('900221755','satt_faro','a.novoa',156,'0000-00-00 00:00:00','1','0','1','1'),('900221755','satt_faro','a.novoa',292,'0000-00-00 00:00:00','1','0','1','1'),('900221755','satt_faro','d.nunez',157,'0000-00-00 00:00:00','1','0','1','1'),('900221755','satt_faro','jg.nunez',303,'0000-00-00 00:00:00','1','0','1','1'),('900221755','satt_faro','lm.cantillo',299,'0000-00-00 00:00:00','1','0','1','1'),('900243606','satt_faro','trafico',22,'0000-00-00 00:00:00','1','0','1','1'),('900301751','satt_faro','azapata',239,'0000-00-00 00:00:00','','0','1','1'),('900301751','satt_faro','enviexpress',107,'0000-00-00 00:00:00','1','0','1','1'),('900301751','satt_faro','gerencia',108,'0000-00-00 00:00:00','1','0','1','1'),('900303375','satt_faro','despachos_acopi',50,'0000-00-00 00:00:00','1','0','1','1'),('900303375','satt_faro','seguridad',49,'0000-00-00 00:00:00','1','0','1','1'),('900306833','satt_faro','d.logistica',176,'0000-00-00 00:00:00','1','0','1','1'),('900308992','satt_faro','despachosbarranquilla',270,'0000-00-00 00:00:00','1','0','1','1'),('900308992','satt_faro','nathalia',271,'0000-00-00 00:00:00','1','0','1','1'),('900315121','satt_faro','director.logistica',251,'0000-00-00 00:00:00','1','0','1','1'),('900315121','satt_faro','gerencia',297,'0000-00-00 00:00:00','1','0','1','1'),('900315121','satt_faro','gerenciageneral',250,'0000-00-00 00:00:00','1','0','1','1'),('900315121','satt_faro','rutaexpress',225,'0000-00-00 00:00:00','1','0','1','1'),('900419270','satt_faro','miguel.chavez',161,'0000-00-00 00:00:00','1','0','1','1'),('900431160','satt_faro','abelsoler',261,'0000-00-00 00:00:00','1','0','1','1'),('900431160','satt_faro','jorgesoler',260,'0000-00-00 00:00:00','1','0','1','1'),('900431160','satt_faro','logistica',259,'0000-00-00 00:00:00','1','0','1','1'),('900438008','satt_faro','cristian.acosta',266,'0000-00-00 00:00:00','1','0','1','1'),('900438008','satt_faro','diego.molina',265,'0000-00-00 00:00:00','1','0','1','1'),('900438167','satt_faro','alexisoo',306,'0000-00-00 00:00:00','1','0','1','1'),('900438167','satt_faro','despachoslotracar',273,'0000-00-00 00:00:00','','0','1',''),('900438167','satt_faro','email.logistica',308,'0000-00-00 00:00:00','1','0','1','1'),('900438167','satt_faro','fabian.lotracarsas',307,'0000-00-00 00:00:00','1','0','1','1'),('900438167','satt_faro','lotracar',309,'0000-00-00 00:00:00','1','0','1','1'),('900438167','satt_faro','lotracar.seguridad',310,'0000-00-00 00:00:00','1','0','1','1'),('900440009','satt_faro','transporcolmcali',226,'0000-00-00 00:00:00','1','0','1','1'),('900472027','satt_faro','azambrano',277,'0000-00-00 00:00:00','','0','1','1'),('900472027','satt_faro','despachos1',254,'0000-00-00 00:00:00','1','0','1','1'),('900472027','satt_faro','despachos2',282,'0000-00-00 00:00:00','1','0','1','1'),('900472027','satt_faro','Logistica',256,'0000-00-00 00:00:00','1','0','1','1'),('900483905','satt_faro','gerenciamaxicargas',183,'0000-00-00 00:00:00','1','0','1','1'),('900483905','satt_faro','milenadelg',182,'0000-00-00 00:00:00','','0','1','');
/*!40000 ALTER TABLE `tab_mensaj_dispos` ENABLE KEYS */;
UNLOCK TABLES;

--
-- Table structure for table `tab_mensaj_operad`
--

DROP TABLE IF EXISTS `tab_mensaj_operad`;
CREATE TABLE `tab_mensaj_operad` (
  `cod_operad` int(5) NOT NULL default '0',
  `cod_transp` varchar(10) collate latin1_spanish_ci default NULL,
  `nom_bdsata` varchar(16) collate latin1_spanish_ci default NULL,
  `nom_operad` varchar(32) collate latin1_spanish_ci NOT NULL default '',
  `dns_operad` varchar(64) collate latin1_spanish_ci NOT NULL default '',
  `ind_emailx` char(1) collate latin1_spanish_ci NOT NULL default '0',
  `ind_estado` char(1) collate latin1_spanish_ci NOT NULL default '1',
  `usr_creaci` varchar(15) collate latin1_spanish_ci NOT NULL default '',
  `fec_creaci` datetime NOT NULL default '0000-00-00 00:00:00',
  `usr_modifi` varchar(15) collate latin1_spanish_ci default NULL,
  `fec_modifi` datetime default NULL,
  PRIMARY KEY  (`cod_operad`),
  KEY `cod_transp` (`cod_transp`,`nom_bdsata`)
) ENGINE=InnoDB DEFAULT CHARSET=latin1 COLLATE=latin1_spanish_ci;

--
-- Dumping data for table `tab_mensaj_operad`
--

LOCK TABLES `tab_mensaj_operad` WRITE;
/*!40000 ALTER TABLE `tab_mensaj_operad` DISABLE KEYS */;
INSERT INTO `tab_mensaj_operad` VALUES (1,NULL,NULL,'Avantel','sms.avantel.com.co','0','1','Administrador','2008-01-28 00:00:00',NULL,NULL),(2,NULL,NULL,'Comcel','sms.comcel.com.co','0','0','Administrador','2008-01-28 00:00:00',NULL,NULL),(3,NULL,NULL,'Movistar','sms.movistar.com.co','0','0','Administrador','2008-01-28 00:00:00',NULL,NULL),(4,NULL,NULL,'Tigo','sms.tigo.com.co','0','0','Administrador','2008-01-28 00:00:00',NULL,NULL),(5,'800148596','satt_demo','INTRARED','intrared.net','1','1','satt-demo','2008-05-16 16:53:33',NULL,NULL),(6,'830025895','satt_demo','INTRARED','intrared.net','1','1','satt-demo','2008-05-16 16:59:59',NULL,NULL),(7,'830025895','satt_demo','OET','eltransporte.org','1','1','satt-demo','2008-05-19 12:01:45',NULL,NULL),(8,'811007279','satt_demo','INTRARED','intrared.net','1','1','satt-demo','2008-05-20 20:54:53',NULL,NULL),(9,'830025895','satt_demo','HOTMAIL','hotmail.com','1','1','satt-demo','2008-05-20 21:17:27',NULL,NULL),(10,'860040576','satt_tequem','Administrador','pmelo@cementostequendama.com','1','1','admin-tequem','2008-07-29 08:23:17',NULL,NULL),(11,'860040576','satt_tequem1','CEMENTOS TEQUENDAMA','cementostequendama.com','1','1','admin-tequem1','2008-07-29 15:08:32',NULL,NULL),(12,'860040576','satt_tequem1','OET','intrared.net','1','1','admin-tequem1','2008-07-29 15:11:11',NULL,NULL),(13,'900142040','satt_demo','OET','eltransporte.org','1','1','satt-demo','2008-09-24 10:52:45',NULL,NULL),(14,'830075219','satt_faro','INTRARED','intrared.net','1','1','faro','2009-04-23 12:02:27',NULL,NULL),(15,'830101959','satt_faro','INTRARED','intrared.net','1','1','faro','2009-04-23 12:03:28',NULL,NULL),(16,'891700037','satt_faro','operadorfaro','eltransporte.org','1','1','faro','2009-10-01 17:07:06',NULL,NULL),(17,'805027046','satt_faro','eltransporte','eltransporte.org','1','1','faro','2010-02-18 09:02:19',NULL,NULL),(18,'900142040','satt_demo','comcel','@comcel.com','0','1','comseguridad','2010-10-03 11:22:56',NULL,NULL),(19,'830002183','satt_faro','Grupo OET','grupooet.com','1','1','rrodriguez','2011-01-03 12:00:07',NULL,NULL),(20,'809012183','satt_faro','intrared','intrared.net','1','1','rrodriguez','2011-03-02 15:53:05',NULL,NULL),(21,'900014965','satt_faro','intrared','intrared.net','1','1','s','2011-05-24 09:45:27',NULL,NULL),(22,'900243606','satt_faro','FW transporte','fwcargo.com','1','1','s','2011-09-07 17:06:23',NULL,NULL),(23,'900033633','satt_faro','jbernal','transportesportilla.com','1','1','s','2011-09-08 11:02:06',NULL,NULL),(24,'900033633','satt_faro','gorozco','transportesportilla.com','1','1','s','2011-09-08 11:11:06',NULL,NULL),(25,'800021603','satt_faro','expresocartago','hotmail.com','1','1','s','2011-09-08 11:15:42',NULL,NULL),(26,'800021603','satt_faro','supervisores','eltransporte.org','1','1','s','2011-09-08 11:16:57',NULL,NULL),(27,'800021603','satt_faro','supervisores','eltransporte.org','1','1','s','2011-09-08 11:39:28',NULL,NULL),(28,'800120636','satt_faro','helver.sanchez','discocarga.com','1','1','s','2011-09-08 11:45:07',NULL,NULL),(29,'800120636','satt_faro','supervisores','eltransporte.org','1','1','s','2011-09-08 11:46:03',NULL,NULL),(30,'822006143','satt_faro','bogota','liaservices.com','1','1','s','2011-09-08 19:02:11',NULL,NULL),(31,'822006143','satt_faro','jefeoperativo','liaservices.com','1','1','s','2011-09-08 19:02:56',NULL,NULL),(32,'900060415','satt_faro','transamericanlogistics','hotmail.com','1','1','s','2011-09-09 09:25:09',NULL,NULL),(33,'800126885','satt_faro','cooperativalaquindiana','hotmail.com','1','1','s','2011-09-09 09:45:51',NULL,NULL),(34,'830110727','satt_faro','servicio.prologis','yahoo.com','1','1','s','2011-09-09 10:10:53',NULL,NULL),(35,'830110727','satt_faro','jhernandez2307','hotmail.com','1','1','s','2011-09-09 10:11:42',NULL,NULL),(36,'830099596','satt_faro','despachosmercantil','hotmail.com','1','1','s','2011-09-09 10:23:19',NULL,NULL),(37,'900074460','satt_faro','ricologicargo','hotmail.com','1','1','s','2011-09-09 10:37:44',NULL,NULL),(38,'830092981','satt_faro','oortiz','@transportesplanet.com','1','1','s','2011-09-09 17:11:03',NULL,NULL),(39,'830092981','satt_faro','jviveros','@transportesplanet.com','1','1','s','2011-09-09 17:12:12',NULL,NULL),(40,'900090527','satt_faro','quitrans','@yahoo.es','1','1','s','2011-09-09 17:21:49',NULL,NULL),(41,'800075672','satt_faro','jalexislopez','@hotmail.com','1','1','s','2011-09-09 18:17:02',NULL,NULL),(42,'900014965','satt_faro','coounida.buenaventura','hotmail.com','1','1','s','2011-09-09 18:20:30',NULL,NULL),(43,'900206163','satt_faro','operaciones','logiscom.net','1','1','s','2011-09-10 07:58:12',NULL,NULL),(44,'900206163','satt_faro','gerencia','logiscom.net','1','1','s','2011-09-10 07:59:19',NULL,NULL),(45,'900029975','satt_faro','direccionctg','sisacargo.com','1','1','s','2011-09-10 08:06:49',NULL,NULL),(46,'900029975','satt_faro','despachouno','sisacargo.com','1','1','s','2011-09-10 08:08:09',NULL,NULL),(47,'900029975','satt_faro','gerencia','sisacargo.com','1','1','s','2011-09-10 08:09:28',NULL,NULL),(48,'900167384','satt_faro','despachosipiale','transportesgrancolombia.com','1','1','s','2011-09-10 11:16:42',NULL,NULL),(49,'900303375','satt_faro','seguridad','recrecarga.com','1','1','s','2011-09-10 11:30:17',NULL,NULL),(50,'900303375','satt_faro','despachos_acopi','recrecarga.com','1','1','s','2011-09-10 11:33:53',NULL,NULL),(51,'830096532','satt_faro','trafico','transportesorosol.org','1','1','s','2011-09-10 11:40:23',NULL,NULL),(52,'816006401','satt_faro','medellin','cargasytrasteos.com','1','1','s','2011-09-10 11:48:46',NULL,NULL),(53,'816006401','satt_faro','cytbarranquilla','hotmail.com','1','1','s','2011-09-10 11:50:00',NULL,NULL),(54,'816006401','satt_faro','cytbarranquilla','hotmail.com','1','1','s','2011-09-10 11:51:10',NULL,NULL),(55,'816006401','satt_faro','ctrasteosunidos','etb.net.co','1','1','s','2011-09-10 11:51:57',NULL,NULL),(56,'816006401','satt_faro','angelacargaytrasteos','hotmail.com','1','1','s','2011-09-10 11:53:00',NULL,NULL),(57,'891900366','satt_faro','juanramirez.despachos','cootranscart.com','1','1','s','2011-09-10 12:04:39',NULL,NULL),(58,'891900366','satt_faro','cootranscart','ert.com.co','1','1','s','2011-09-10 12:05:51',NULL,NULL),(59,'900221755','satt_faro','administrativo','internacionallogistica.com','1','1','s','2011-09-10 12:13:20',NULL,NULL),(60,'900221755','satt_faro','despachos','internacionallogistica.com','1','1','s','2011-09-10 12:13:48',NULL,NULL),(61,'800090262','satt_faro','carga','transportesespecialesmejia.com','1','1','s','2011-09-10 12:15:23',NULL,NULL),(62,'900056024','satt_faro','geovanny0907','hotmail.com','1','1','s','2011-09-10 12:28:54',NULL,NULL),(63,'900056024','satt_faro','agredomauricio','gmail.com','1','1','s','2011-09-10 12:30:57',NULL,NULL),(64,'900056024','satt_faro','agredomauricio','gmail.com','1','1','s','2011-09-10 12:32:02',NULL,NULL),(65,'800090262','satt_faro','oma520','hotmail.com','1','1','s','2011-09-10 12:33:35',NULL,NULL),(66,'806014425','satt_faro','erocha','tleficaz.net','1','1','s','2011-09-10 13:15:24',NULL,NULL),(67,'800075672','satt_faro','pedroayala2006','hotmail.com','1','1','s','2011-09-10 13:22:11',NULL,NULL),(68,'800049848','satt_faro','translapaila50','hotmail.com','1','1','s','2011-09-10 14:05:42',NULL,NULL),(69,'800183171','satt_faro','mesa.paul','gmail.com','1','1','s','2011-09-10 17:54:50',NULL,NULL),(70,'800131683','satt_faro','Orlando Baez, Jefe Despachos','hotmail.com','1','1','rrodriguez','2011-09-14 07:52:58',NULL,NULL),(71,'830002183','satt_faro','maribel.garcia','eltransporte.org','1','1','s','2011-09-15 00:19:47',NULL,NULL),(72,'800064459','satt_faro','orlandoamoviandina','une.net.co','1','1','s','2011-09-19 11:16:13',NULL,NULL),(73,'800064459','satt_faro','moviandina','une.net.co','1','1','s','2011-09-19 11:17:23',NULL,NULL),(74,'900090527','satt_faro','quitrans','yahoo.es','1','1','s','2011-09-19 12:22:31',NULL,NULL),(75,'830075219','satt_faro','inetrancali','hotmail.com','1','1','s','2011-09-19 17:31:57',NULL,NULL),(76,'830075219','satt_faro','inetran','hotmail.com','1','1','s','2011-09-19 17:33:47',NULL,NULL),(77,'805020223','satt_faro','drodriguez','@servicomex.net','1','1','s','2011-09-20 10:16:19',NULL,NULL),(78,'805020223','satt_faro','hcalderon','servicomex.net','1','1','s','2011-09-20 10:17:28',NULL,NULL),(79,'830075219','satt_faro','inetrandespachos','hotmail.com','1','1','s','2011-09-20 10:39:13',NULL,NULL),(80,'811039011','satt_faro','cootracar2000','yahoo.com.ar','1','1','s','2011-09-20 16:59:42',NULL,NULL),(81,'811039011','satt_faro','fescobarlogistica','hotmail.com','1','1','s','2011-09-20 17:00:20',NULL,NULL),(82,'811039011','satt_faro','leonjimenezz','hotmail.com','1','1','s','2011-09-20 17:01:44',NULL,NULL),(83,'800030925','satt_faro','logisticatrans','falcon.com.co','1','1','s','2011-09-21 09:54:50',NULL,NULL),(84,'830091634','satt_faro','seguridad','logicexpress.co','1','1','s','2011-09-21 10:02:02',NULL,NULL),(85,'830091634','satt_faro','operaciones','logicexpress.biz','1','1','s','2011-09-21 10:02:43',NULL,NULL),(86,'830091634','satt_faro','operaciones','logicexpress.biz','1','1','s','2011-09-21 10:03:32',NULL,NULL),(87,'800021603','satt_faro','supervisores','eltransporte.org','1','1','s','2011-09-21 10:53:52',NULL,NULL),(88,'900169861','satt_faro','tigltdapasto','hotmail.com','1','1','s','2011-09-21 12:10:20',NULL,NULL),(89,'900171163','satt_faro','transemcarpvdespachos','hotmail.com','1','1','s','2011-09-22 08:27:00',NULL,NULL),(90,'837000785','satt_faro','trasandesventas','yahoo.es','1','1','s','2011-09-22 17:01:21',NULL,NULL),(91,'837000785','satt_faro','trasandesistemas','yahoo.es','1','1','s','2011-09-22 17:02:30',NULL,NULL),(92,'891900366','satt_faro','cootranscart','cootranscart.com','1','1','s','2011-09-27 10:33:04',NULL,NULL),(93,'811047103','satt_faro','rymcarga','une.net.com','1','1','s','2011-09-28 06:31:19',NULL,NULL),(94,'805020223','satt_faro','drodriguez','servicomex.net','1','1','s','2011-09-29 20:20:46',NULL,NULL),(95,'805020223','satt_faro','drodriguez','servicomex.net','1','1','s','2011-09-29 20:21:29',NULL,NULL),(96,'900011368','satt_faro','carolina.serna','lcsa.com','1','1','s','2011-10-01 01:33:55',NULL,NULL),(97,'900011368','satt_faro','alejandro.sandoval','tlcsa.com','1','1','s','2011-10-01 01:35:00',NULL,NULL),(98,'890902878','satt_faro','transegovia','une.net.co','1','1','s','2011-10-03 07:28:16',NULL,NULL),(99,'900056024','satt_faro','transcargamejisa','hotmail.com','1','1','s','2011-10-03 18:10:20',NULL,NULL),(100,'900033633','satt_faro','gorozco','transportesportilla.com','1','1','s','2011-10-05 10:12:15',NULL,NULL),(101,'900033633','satt_faro','svargas','transportesportilla.com','1','1','s','2011-10-05 10:15:47',NULL,NULL),(102,'900168467','satt_faro','diegobyza','etb.net.co','1','1','s','2011-10-05 17:12:50',NULL,NULL),(103,'900168467','satt_faro','grupobyza','hotmail.com','1','1','s','2011-10-05 17:13:31',NULL,NULL),(104,'806014425','satt_faro','tagiraldo','hotmail.com','1','1','s','2011-10-05 17:21:56',NULL,NULL),(105,'900214466','satt_faro','aridaza','gmail.com','1','1','s','2011-10-06 08:10:01',NULL,NULL),(106,'900214466','satt_faro','sabetransltda','hotmail.com','1','1','s','2011-10-06 08:27:25',NULL,NULL),(107,'900301751','satt_faro','enviexpress','enviexpresslogistica.com','1','1','s','2011-10-06 17:18:25',NULL,NULL),(108,'900301751','satt_faro','gerencia','enviexpresslogistica.com','1','1','s','2011-10-06 17:19:11',NULL,NULL),(109,'900142040','satt_faro','fletesycamionesltda','metrotel.net.co','1','1','s','2011-10-06 17:20:32',NULL,NULL),(110,'900052023','satt_faro','tnaltda','yahoo.es','1','1','s','2011-10-06 17:21:43',NULL,NULL),(111,'900159872','satt_faro','transestela','hotmail.com','1','1','s','2011-10-06 17:23:44',NULL,NULL),(112,'900213844','satt_faro','mltltda','yahoo.com.co','1','1','s','2011-10-07 07:31:51',NULL,NULL),(113,'800030925','satt_faro','transportebuga','falcon.com.co','1','1','s','2011-10-11 01:55:51',NULL,NULL),(114,'800008932','satt_faro','sebastian.mesa','transcomercol.com','1','1','s','2011-10-18 08:04:06',NULL,NULL),(115,'800008932','satt_faro','carlos.zapata','transcomercol.com','1','1','s','2011-10-18 08:04:54',NULL,NULL),(116,'900159872','satt_faro','transestelar','hotmail.com','1','1','s','2011-10-20 10:28:55',NULL,NULL),(117,'900159872','satt_faro','estelardespachos','hotmail.com','1','1','s','2011-10-20 10:29:41',NULL,NULL),(118,'900159872','satt_faro','transestelar','hotmail.com','1','1','s','2011-10-20 10:31:31',NULL,NULL),(119,'900159872','satt_faro','transestelar','hotmail.com','1','1','s','2011-10-20 10:32:26',NULL,NULL),(120,'900159872','satt_faro','transestelar','hotmail.com','1','1','s','2011-10-20 10:33:52',NULL,NULL),(121,'900159872','satt_faro','transestelar','hotmail.com','1','1','s','2011-10-20 10:34:53',NULL,NULL),(122,'900159872','satt_faro','transestelar','hotmail.com','1','1','s','2011-10-20 10:35:41',NULL,NULL),(123,'900159872','satt_faro',' estelardespachos','hotmail.com','1','1','s','2011-10-20 10:36:12',NULL,NULL),(124,'830092136','satt_faro','alfatrans','mixmail.com','1','1','s','2011-10-20 11:40:22',NULL,NULL),(125,'891700037','satt_faro','sistema','hotmail.com','1','1','s','2011-10-25 21:12:44',NULL,NULL),(126,'891700037','satt_faro','Ipcifue','mapfre.com.co','1','1','s','2011-10-25 21:13:28',NULL,NULL),(127,'891700037','satt_faro','mctorre','mapfre.com.co','1','1','s','2011-10-25 21:14:22',NULL,NULL),(128,'830117650','satt_faro','hvaldelamar','procargo.com.co','1','1','s','2011-11-01 10:25:30',NULL,NULL),(129,'837000785','satt_faro','transandesventas','yahoo.es','1','1','s','2011-11-04 17:50:12',NULL,NULL),(130,'837000785','satt_faro','transandesventas','yahoo.es','1','1','s','2011-11-04 17:51:35',NULL,NULL),(131,'800090262','satt_faro',' palmira.electronica','@seguridaddeoccidente.com.co','1','1','s','2011-11-10 07:46:36',NULL,NULL),(132,'800090262','satt_faro',' palmira.electronica','seguridaddeoccidente.com.co','1','1','s','2011-11-10 07:48:16',NULL,NULL),(133,'800090262','satt_faro','palmira.electronica','seguridaddeoccidente.com.co','1','1','s','2011-11-10 07:49:46',NULL,NULL),(134,'800090262','satt_faro','operaciones.palmira','seguridaddeoccidente.com.co','1','1','s','2011-11-10 07:51:13',NULL,NULL),(135,'809000555','satt_faro','ControlTrafico','dicorpsa.com','1','1','s','2011-11-18 18:12:48',NULL,NULL),(136,'809000555','satt_faro','Mauricio.Forero','dicorpsa.com','1','1','s','2011-11-18 18:13:30',NULL,NULL),(137,'809000555','satt_faro','juan.reyes','dicorpsa.com','1','1','s','2011-11-18 18:14:22',NULL,NULL),(138,'809000555','satt_faro','supervisores','eltransporte.org','1','1','s','2011-11-18 18:15:09',NULL,NULL),(139,'900171734','satt_faro','gerencia','logisticafta.com','1','1','s','2011-11-21 20:45:22',NULL,NULL),(140,'800221881','satt_faro','servicioalcliente','transportesjrtobon.com','1','1','s','2011-11-23 02:20:54',NULL,NULL),(141,'800221881','satt_faro','vmesa','transportesjrtobon.com','1','1','s','2011-11-23 02:21:53',NULL,NULL),(142,'900168467','satt_faro','traficobyza','hotmail.com','1','1','s','2011-11-24 16:07:27',NULL,NULL),(143,'900168467','satt_faro','traficobyza','hotmail.com','1','1','s','2011-11-24 16:08:14',NULL,NULL),(144,'900168467','satt_faro','traficobyza','hotmail.com','1','1','s','2011-11-24 16:09:47',NULL,NULL),(145,'900113804','satt_faro','glsltda','hotmail.com','1','1','s','2011-11-26 02:45:28',NULL,NULL),(146,'900113804','satt_faro','supervisores','eltransporte','1','1','s','2011-11-26 02:47:11',NULL,NULL),(147,'900221755','satt_faro','i.arenilla','internacionallogistica.com','1','1','s','2011-11-29 17:16:36',NULL,NULL),(148,'811001497','satt_faro','tgb','une.net.co','1','1','s','2011-11-29 17:33:52',NULL,NULL),(149,'811001497','satt_faro','angelausabrokers','hotmail.com','1','1','s','2011-11-29 17:35:12',NULL,NULL),(150,'811001497','satt_faro','tgb','transportestgb.com.co','1','1','s','2011-11-29 17:38:27',NULL,NULL),(151,'900221755','satt_faro','ee.sanchez','@internacionallogistica.com','1','1','s','2011-12-05 16:02:46',NULL,NULL),(152,'900221755','satt_faro','ee.sanchez','@internacionallogistica.com','1','1','s','2011-12-05 16:04:29',NULL,NULL),(153,'900221755','satt_faro','ee.sanchez','@internacionallogistica.com','1','1','s','2011-12-05 16:04:29',NULL,NULL),(154,'900221755','satt_faro','ee.sanchez','internacionallogistica.com','1','1','s','2011-12-05 16:06:06',NULL,NULL),(155,'900221755','satt_faro','ej.delgadillo','internacionallogistica.com','1','1','s','2011-12-05 16:07:42',NULL,NULL),(156,'900221755','satt_faro','a.novoa','internacionallogistica.com.co','1','1','s','2011-12-05 16:08:42',NULL,NULL),(157,'900221755','satt_faro','d.nunez','internacionallogistica.com','1','1','s','2011-12-05 16:09:28',NULL,NULL),(158,'900221755','satt_faro','jg.nunez','internacionallogistica.com','1','1','s','2011-12-05 16:10:19',NULL,NULL),(159,'811001497','satt_faro','tgbmedellin','transportestgb.com.co','1','1','s','2011-12-15 08:32:35',NULL,NULL),(160,'811001497','satt_faro','tgbmedellin','transportestgb.com.co','1','1','s','2011-12-15 08:33:29',NULL,NULL),(161,'900419270','satt_faro','miguel.chavez','klogistics.com.co','1','1','s','2012-01-03 11:38:35',NULL,NULL),(162,'900069866','satt_faro','trafico','transportesje.com','1','1','s','2012-01-03 18:48:56',NULL,NULL),(163,'900069866','satt_faro','trafico','transportesje.com','1','1','s','2012-01-03 18:49:16',NULL,NULL),(164,'900180415','satt_faro','jborrero','bysintegral.com','1','1','s','2012-01-04 07:18:04',NULL,NULL),(165,'900180415','satt_faro','ajaramillo','bysintegral.com','1','1','s','2012-01-04 11:56:34',NULL,NULL),(166,'900070203','satt_faro','transeurogerenciacosta','hotmail.com','1','1','s','2012-01-12 02:58:59',NULL,NULL),(167,'900070203','satt_faro','transura','hotmail.com','1','1','s','2012-01-12 20:12:22',NULL,NULL),(168,'811001497','satt_faro','tgbmedellin','une.net.co','1','1','s','2012-01-17 10:56:21',NULL,NULL),(169,'830096532','satt_faro','gciadministrativa','transportesorosol.org','1','1','s','2012-01-23 09:15:16',NULL,NULL),(170,'830096532','satt_faro','transportesorosol.org','transportesorosol.org','1','1','s','2012-01-23 09:15:42',NULL,NULL),(171,'830096532','satt_faro','gciadministrativa','transportesorosol.org','1','1','s','2012-01-23 09:16:18',NULL,NULL),(172,'806014425','satt_faro','ovenegas','tleficaz.net','1','1','s','2012-01-26 10:14:00',NULL,NULL),(173,'900213844','satt_faro','operacionesmltltda','gmail.com','1','1','s','2012-01-31 17:09:43',NULL,NULL),(174,'900213844','satt_faro','operacionesmltltda','gmail.com','1','1','s','2012-01-31 17:10:22',NULL,NULL),(175,'809000555','satt_faro','Control.Trafico','dicorpsa.com','1','1','s','2012-02-02 16:48:01',NULL,NULL),(176,'900306833','satt_faro','d.logistica','gytrans.com.co','1','1','s','2012-02-03 13:13:29',NULL,NULL),(177,'900162760','satt_faro','O.Logistica','marchen.com.co','1','1','s','2012-02-04 20:28:49',NULL,NULL),(178,'900162760','satt_faro','o.logistica01','marchen.com.co','1','1','s','2012-02-04 20:29:26',NULL,NULL),(179,'900116432','satt_faro','globaldetrasladosespecializado','yahoo.es','1','1','s','2012-02-06 21:31:34',NULL,NULL),(180,'900116432','satt_faro','b.salgado','globaldetraslados.com','1','1','s','2012-02-06 21:32:28',NULL,NULL),(181,'809000555','satt_faro','Intrared','intrared.net','1','1','s','2012-02-07 10:39:14',NULL,NULL),(182,'900483905','satt_faro','milenadelg','hotmail.com','1','1','s','2012-02-08 01:59:34',NULL,NULL),(183,'900483905','satt_faro','gerenciamaxicargas','une.net.co','1','1','s','2012-02-08 19:31:45',NULL,NULL),(184,'900438008','satt_faro','principaloperaciones','transportal.com.co','1','1','s','2012-02-10 08:39:52',NULL,NULL),(185,'900438008','satt_faro','gerencia','transportal.com.co','1','1','s','2012-02-10 08:42:54',NULL,NULL),(186,'900438008','satt_faro','gerencia','transportal.com.co','1','1','s','2012-02-10 08:42:54',NULL,NULL),(187,'900438008','satt_faro','gerencia','transportal.com.co','1','1','s','2012-02-10 08:42:54',NULL,NULL),(188,'900438008','satt_faro','gerencia','transportal.com.co','1','1','s','2012-02-10 08:42:54',NULL,NULL),(189,'900438008','satt_faro','gerencia','transportal.com.co','1','1','s','2012-02-10 08:42:54',NULL,NULL),(190,'900438008','satt_faro','gerencia','transportal.com.co','1','1','s','2012-02-10 08:42:54',NULL,NULL),(191,'900438008','satt_faro','gerencia','transportal.com.co','1','1','s','2012-02-10 08:42:54',NULL,NULL),(192,'900438008','satt_faro','gerencia','transportal.com.co','1','1','s','2012-02-10 08:42:54',NULL,NULL),(193,'900438008','satt_faro','gerencia','transportal.com.co','1','1','s','2012-02-10 08:42:55',NULL,NULL),(194,'900438008','satt_faro','gerencia','transportal.com.co','1','1','s','2012-02-10 08:42:55',NULL,NULL),(195,'900438008','satt_faro','gerencia','transportal.com.co','1','1','s','2012-02-10 08:42:55',NULL,NULL),(196,'900438008','satt_faro','gerencia','transportal.com.co','1','1','s','2012-02-10 08:42:55',NULL,NULL),(197,'900438008','satt_faro','gerencia','transportal.com.co','1','1','s','2012-02-10 08:42:55',NULL,NULL),(198,'900438008','satt_faro','gerencia','transportal.com.co','1','1','s','2012-02-10 08:42:55',NULL,NULL),(199,'900438008','satt_faro','gerencia','transportal.com.co','1','1','s','2012-02-10 08:42:55',NULL,NULL),(200,'900438008','satt_faro','gerencia','transportal.com.co','1','1','s','2012-02-10 08:42:55',NULL,NULL),(201,'900438008','satt_faro','gerencia','transportal.com.co','1','1','s','2012-02-10 08:42:55',NULL,NULL),(202,'900438008','satt_faro','gerencia','transportal.com.co','1','1','s','2012-02-10 08:42:55',NULL,NULL),(203,'900438008','satt_faro','gerencia','transportal.com.co','1','1','s','2012-02-10 08:42:55',NULL,NULL),(204,'900438008','satt_faro','gerencia','transportal.com.co','1','1','s','2012-02-10 08:42:55',NULL,NULL),(205,'900438008','satt_faro','gerencia','transportal.com.co','1','1','s','2012-02-10 08:42:55',NULL,NULL),(206,'900438008','satt_faro','gerencia','transportal.com.co','1','1','s','2012-02-10 08:42:55',NULL,NULL),(207,'900438008','satt_faro','gerencia','transportal.com.co','1','1','s','2012-02-10 08:42:55',NULL,NULL),(208,'900438008','satt_faro','gerencia','transportal.com.co','1','1','s','2012-02-10 08:42:55',NULL,NULL),(209,'900438008','satt_faro','gerencia','transportal.com.co','1','1','s','2012-02-10 08:42:55',NULL,NULL),(210,'900438008','satt_faro','gerencia','transportal.com.co','1','1','s','2012-02-10 08:42:55',NULL,NULL),(211,'900438008','satt_faro','gerencia','transportal.com.co','1','1','s','2012-02-10 08:42:55',NULL,NULL),(212,'900438008','satt_faro','gerencia','transportal.com.co','1','1','s','2012-02-10 08:42:56',NULL,NULL),(213,'900438008','satt_faro','gerencia','transportal.com.co','1','1','s','2012-02-10 08:42:56',NULL,NULL),(214,'900438008','satt_faro','gerencia','transportal.com.co','1','1','s','2012-02-10 08:42:56',NULL,NULL),(215,'900438008','satt_faro','gerencia','transportal.com.co','1','1','s','2012-02-10 08:42:56',NULL,NULL),(216,'900438008','satt_faro','gerencia','transportal.com.co','1','1','s','2012-02-10 08:42:56',NULL,NULL),(217,'900438008','satt_faro','gerencia','transportal.com.co','1','1','s','2012-02-10 08:42:56',NULL,NULL),(218,'900438008','satt_faro','gerencia','transportal.com.co','1','1','s','2012-02-10 08:42:56',NULL,NULL),(219,'830092981','satt_faro','jviveros','transportesplanet.com','1','1','s','2012-02-10 09:24:26',NULL,NULL),(220,'830092981','satt_faro','oortiz','transportesplanet.com','1','1','s','2012-02-10 09:25:56',NULL,NULL),(221,'805020223','satt_faro','azapata','servicomex.net','1','1','s','2012-02-11 10:32:35',NULL,NULL),(222,'900052023','satt_faro','trafico','tna.com.co','1','1','s','2012-02-14 15:42:46',NULL,NULL),(223,'900118604','satt_faro','transcolombiamed','hotmail.com','1','1','s','2012-02-15 07:58:10',NULL,NULL),(224,'900472027','satt_faro','tlortega','hotmail.com','1','1','s','2012-02-22 06:58:28',NULL,NULL),(225,'900315121','satt_faro','rutaexpress','une.net.co','1','1','s','2012-02-23 22:37:06',NULL,NULL),(226,'900440009','satt_faro','transporcolmcali','hotmail.com','1','1','s','2012-02-24 00:46:41',NULL,NULL),(227,'900142040','satt_faro','carlosramirodiaz','hotmail.com','1','1','s','2012-02-26 22:33:02',NULL,NULL),(228,'900118604','satt_faro','servicioalcliente','transcolombia.com','1','1','s','2012-02-27 11:23:12',NULL,NULL),(229,'800075672','satt_faro','pedroalfonsoayala2000','hotmail.com','1','1','s','2012-02-28 11:43:50',NULL,NULL),(230,'900033633','satt_faro','nelson.g','transportesportilla.com','1','1','s','2012-03-01 10:49:17',NULL,NULL),(231,'900069866','satt_faro','trafico','transportesje.com','1','1','s','2012-03-01 22:17:04',NULL,NULL),(232,'900167384','satt_faro','despachosipiales','transportesgrancolombia.com','1','1','s','2012-03-09 07:30:34',NULL,NULL),(233,'900167384','satt_faro','logistica','transportesgrancolombia.com','1','1','s','2012-03-09 07:31:42',NULL,NULL),(234,'900142040','satt_faro','carlosramirodiaz','hotmail.com','1','1','s','2012-03-09 10:02:49',NULL,NULL),(235,'900011368','satt_faro','despachos','tlcsa.com','1','1','s','2012-03-13 10:07:18',NULL,NULL),(236,'890000357','satt_faro','logisticaentransportev','gmail.com','1','1','s','2012-03-13 13:17:20',NULL,NULL),(237,'811039011','satt_faro','g.j.piedrahita','hotmail.com','1','1','s','2012-03-16 08:37:42',NULL,NULL),(238,'800133109','satt_faro','multilineatransporte','hotmail.com','1','1','s','2012-03-16 10:22:26',NULL,NULL),(239,'900301751','satt_faro','azapata','servicomex.net','1','1','s','2012-03-20 11:40:06',NULL,NULL),(240,'830092981','satt_faro','Lrodriguez','transportesplanet.com','1','1','s','2012-03-20 14:50:25',NULL,NULL),(241,'830092981','satt_faro','gerencia','transportesplanet.com','1','1','s','2012-03-20 14:51:30',NULL,NULL),(242,'830092981','satt_faro','Jjpla','Jjpla@transportesplanet.com','1','1','s','2012-03-20 14:52:07',NULL,NULL),(243,'800177598','satt_faro','walvarado','tractocar.com','1','1','s','2012-03-21 18:43:41',NULL,NULL),(244,'800177598','satt_faro','walvarado','tractocar.com','1','1','s','2012-03-21 18:44:28',NULL,NULL),(245,'800177598','satt_faro','walvardo','tractocar.com','1','1','s','2012-03-21 18:45:41',NULL,NULL),(246,'800177598','satt_faro','seguridad','tractocar.com','1','1','s','2012-03-22 07:34:52',NULL,NULL),(247,'800177598','satt_faro','jeimi.lopez','eltransporte.org','1','1','s','2012-03-22 07:35:32',NULL,NULL),(248,'800177598','satt_faro','jeimi.lopez','eltransporte.org','1','1','s','2012-03-22 07:36:03',NULL,NULL),(249,'800177598','satt_faro','nicolas.oquendo','eltransporte.org','1','1','s','2012-03-23 16:08:03',NULL,NULL),(250,'900315121','satt_faro','gerenciageneral','rutaexpress.com.co','1','1','s','2012-03-24 16:48:52',NULL,NULL),(251,'900315121','satt_faro','director.logistica','rutaexpress.com.co','1','1','s','2012-03-24 16:49:31',NULL,NULL),(252,'805022343','satt_faro','multicentrosanjose','gmail.com','1','1','s','2012-03-29 09:13:23',NULL,NULL),(253,'830117650','satt_faro','aux-nacionales','procargo.com.co','1','1','s','2012-04-11 17:23:14',NULL,NULL),(254,'900472027','satt_faro','despachos1','tlortega.com','1','1','s','2012-04-13 08:35:24',NULL,NULL),(255,'900472027','satt_faro','Despachosa2','tlortega.com','1','1','s','2012-04-13 08:36:02',NULL,NULL),(256,'900472027','satt_faro','Logistica','tlortega.com','1','1','s','2012-04-13 08:37:01',NULL,NULL),(257,'800064459','satt_faro','santiagojmoviandina','une.net.co','1','1','s','2012-04-18 09:39:21',NULL,NULL),(258,'830099596','satt_faro','despachos','transportadoramercantil.com','1','1','s','2012-04-24 09:14:13',NULL,NULL),(259,'900431160','satt_faro','logistica','tecnicarga.com','1','1','s','2012-04-24 15:59:28',NULL,NULL),(260,'900431160','satt_faro','jorgesoler','tecnicarga.com','1','1','s','2012-04-24 16:00:50',NULL,NULL),(261,'900431160','satt_faro','abelsoler','tecnicarga.com','1','1','s','2012-04-24 16:02:22',NULL,NULL),(262,'860055942','satt_faro','tnhasistentecarga','yahoo.com.co','1','1','s','2012-04-27 09:32:26',NULL,NULL),(263,'860053746','satt_faro','sotranscolombianoslrtd','hotmail.com','1','1','s','2012-04-27 09:35:18',NULL,NULL),(264,'900206163','satt_faro','subgerencia','logiscom.net','1','1','s','2012-05-02 03:18:03',NULL,NULL),(265,'900438008','satt_faro','diego.molina','transportal.com.co','1','1','s','2012-05-03 09:45:13',NULL,NULL),(266,'900438008','satt_faro','cristian.acosta','transportal.com.co','1','1','s','2012-05-03 09:46:22',NULL,NULL),(267,'830099144','satt_faro','lopegraneles','hotmail.com','1','1','s','2012-05-04 22:21:05',NULL,NULL),(268,'830099144','satt_faro','lopegraneles','msn.com','1','1','s','2012-05-04 22:22:39',NULL,NULL),(269,'860053746','satt_faro','sotranscolvalladolid','hotmail.com','1','1','s','2012-05-10 16:14:12',NULL,NULL),(270,'900308992','satt_faro','despachosbarranquilla','elt-sa.com','1','1','s','2012-05-15 03:10:25',NULL,NULL),(271,'900308992','satt_faro','nathalia','elt-sa.com','1','1','s','2012-05-15 03:12:25',NULL,NULL),(272,'900438167','satt_faro','despachoslotracar','hotmail.com','1','1','s','2012-05-21 07:57:50',NULL,NULL),(273,'900438167','satt_faro','despachoslotracar','hotmail.com','1','1','s','2012-05-21 07:57:50',NULL,NULL),(274,'805022343','satt_faro','transportesmccartagena','gmail.com','1','1','s','2012-05-23 13:39:40',NULL,NULL),(275,'800202918','satt_faro','jeimyandrea22','hotmail.com','1','1','s','2012-05-25 09:44:15',NULL,NULL),(276,'800202918','satt_faro','comercialintegraldecarga','hotmail.com','1','1','s','2012-05-25 09:45:40',NULL,NULL),(277,'900472027','satt_faro','azambrano','tlortega.com','1','1','s','2012-06-01 09:46:58',NULL,NULL),(278,'900472027','satt_faro','Despachos2','tlortega.com','1','1','s','2012-06-03 21:53:01',NULL,NULL),(279,'900472027','satt_faro','Despachos2','tlortega.com','1','1','s','2012-06-03 21:53:01',NULL,NULL),(280,'900472027','satt_faro','Despachos2','tlortega.com','1','1','s','2012-06-03 21:53:01',NULL,NULL),(281,'900472027','satt_faro','Despachos2','tlortega.com','1','1','s','2012-06-03 21:53:01',NULL,NULL),(282,'900472027','satt_faro','despachos2','tlortega.com','1','1','s','2012-06-06 11:11:43',NULL,NULL),(283,'900206163','satt_faro','antonio.cardona','logiscom.co','1','1','s','2012-06-14 18:20:31',NULL,NULL),(284,'900206163','satt_faro','antoniocardona.c','hotmail.com','1','1','s','2012-06-14 18:21:19',NULL,NULL),(285,'900206163','satt_faro','antoniocardona.c','hotmail.com','1','1','s','2012-06-14 18:21:19',NULL,NULL),(286,'900206163','satt_faro','hernan.cuartas','logiscom.co','1','1','s','2012-06-14 18:21:57',NULL,NULL),(287,'900206163','satt_faro','james.gutierrez','logiscom.co','1','1','s','2012-06-14 18:22:25',NULL,NULL),(288,'900060415','satt_faro',' tal-900','hotmail.com','1','1','s','2012-06-22 15:29:57',NULL,NULL),(289,'900060415','satt_faro','halza.z','hotmail.com','1','1','s','2012-06-22 15:30:32',NULL,NULL),(290,'800030925','satt_faro','transportesmedellin','falcon.com.co','1','1','s','2012-06-30 19:46:26',NULL,NULL),(291,'900124171','satt_faro','adjumor','hotmail.com','1','1','s','2012-07-04 16:54:12',NULL,NULL),(292,'900221755','satt_faro','a.novoa','internacionallogistica.com','1','1','s','2012-07-05 11:48:54',NULL,NULL),(293,'830092981','satt_faro','jjpla','transportesplanet.com','1','1','s','2012-07-13 10:19:11',NULL,NULL),(294,'830092981','satt_faro','jjpla','transportesplanet.com','1','1','s','2012-07-13 10:20:42',NULL,NULL),(295,'900315121','satt_faro','gerencia','rutaexpress.com.co','1','1','s','2012-07-13 12:20:25',NULL,NULL),(296,'900315121','satt_faro','gerencia','rutaexpress.com.co','1','1','s','2012-07-13 12:20:25',NULL,NULL),(297,'900315121','satt_faro','gerencia','rutaexpress.com.co','1','1','s','2012-07-13 12:21:13',NULL,NULL),(298,'900221755','satt_faro','lm.cantillo','internacionallogistica.com','1','1','s','2012-07-16 21:07:41',NULL,NULL),(299,'900221755','satt_faro','lm.cantillo','internacionallogistica.com','1','1','s','2012-07-16 21:07:41',NULL,NULL),(300,'900221755','satt_faro','jg.nunez','internacionallogistica.com','1','1','s','2012-07-16 21:09:41',NULL,NULL),(301,'900221755','satt_faro','jg.nunez','internacionallogistica.com','1','1','s','2012-07-16 21:09:52',NULL,NULL),(302,'900221755','satt_faro','jg.nunez','internacionallogistica.com','1','1','s','2012-07-16 21:09:52',NULL,NULL),(303,'900221755','satt_faro','jg.nunez','internacionallogistica.com','1','1','s','2012-07-16 21:09:52',NULL,NULL),(304,'87711401','satt_faro','grupobyza','hotmail.com','1','1','s','2012-07-17 16:28:52',NULL,NULL),(305,'900438167','satt_faro','alexisoo','hotmail.com','1','1','s','2012-07-19 10:24:24',NULL,NULL),(306,'900438167','satt_faro','alexisoo','hotmail.com','1','1','s','2012-07-19 10:24:53',NULL,NULL),(307,'900438167','satt_faro','fabian.lotracarsas','hotmail.com','1','1','s','2012-07-19 10:26:29',NULL,NULL),(308,'900438167','satt_faro','email.logistica','lotracar.com','1','1','s','2012-07-19 10:26:55',NULL,NULL),(309,'900438167','satt_faro','lotracar','hotmail.com','1','1','s','2012-07-19 10:27:17',NULL,NULL),(310,'900438167','satt_faro','lotracar.seguridad','gmail.com','1','1','s','2012-07-25 17:44:37',NULL,NULL);
/*!40000 ALTER TABLE `tab_mensaj_operad` ENABLE KEYS */;
UNLOCK TABLES;

--
-- Table structure for table `tab_notici_emptra`
--

DROP TABLE IF EXISTS `tab_notici_emptra`;
CREATE TABLE `tab_notici_emptra` (
  `cod_notici` int(3) NOT NULL default '0',
  `cod_emptra` varchar(10) collate latin1_spanish_ci NOT NULL default '',
  PRIMARY KEY  (`cod_notici`,`cod_emptra`),
  CONSTRAINT `tab_notici_emptra_ibfk_1` FOREIGN KEY (`cod_notici`) REFERENCES `tab_notici_notici` (`cod_notici`) ON DELETE CASCADE ON UPDATE CASCADE
) ENGINE=InnoDB DEFAULT CHARSET=latin1 COLLATE=latin1_spanish_ci COMMENT='Tabla de Noticias por Empresa de SAT Empresarial';

--
-- Dumping data for table `tab_notici_emptra`
--

LOCK TABLES `tab_notici_emptra` WRITE;
/*!40000 ALTER TABLE `tab_notici_emptra` DISABLE KEYS */;
/*!40000 ALTER TABLE `tab_notici_emptra` ENABLE KEYS */;
UNLOCK TABLES;

--
-- Table structure for table `tab_notici_notici`
--

DROP TABLE IF EXISTS `tab_notici_notici`;
CREATE TABLE `tab_notici_notici` (
  `cod_notici` int(3) NOT NULL default '0',
  `tit_notici` varchar(60) collate latin1_spanish_ci NOT NULL default '',
  `des_notici` varchar(255) collate latin1_spanish_ci NOT NULL default '',
  `url_notici` varchar(100) collate latin1_spanish_ci NOT NULL default '',
  `usr_creaci` varchar(15) collate latin1_spanish_ci NOT NULL default '',
  `fec_creaci` date NOT NULL default '0000-00-00',
  PRIMARY KEY  (`cod_notici`)
) ENGINE=InnoDB DEFAULT CHARSET=latin1 COLLATE=latin1_spanish_ci COMMENT='Tabla de Noticias para SAT Empresarial';

--
-- Dumping data for table `tab_notici_notici`
--

LOCK TABLES `tab_notici_notici` WRITE;
/*!40000 ALTER TABLE `tab_notici_notici` DISABLE KEYS */;
/*!40000 ALTER TABLE `tab_notici_notici` ENABLE KEYS */;
UNLOCK TABLES;

--
-- Table structure for table `tab_servic_servic`
--

DROP TABLE IF EXISTS `tab_servic_servic`;
CREATE TABLE `tab_servic_servic` (
  `cod_serpad` int(4) NOT NULL default '0',
  `cod_serhij` int(4) NOT NULL default '0',
  PRIMARY KEY  (`cod_serhij`),
  KEY `cod_serpad` (`cod_serpad`),
  CONSTRAINT `tab_servic_servic_ibfk_1` FOREIGN KEY (`cod_serpad`) REFERENCES `tab_genera_servic` (`cod_servic`) ON DELETE CASCADE ON UPDATE CASCADE,
  CONSTRAINT `tab_servic_servic_ibfk_2` FOREIGN KEY (`cod_serhij`) REFERENCES `tab_genera_servic` (`cod_servic`) ON DELETE CASCADE ON UPDATE CASCADE
) ENGINE=InnoDB DEFAULT CHARSET=latin1 COLLATE=latin1_spanish_ci COMMENT='Relaciona servicios para los menus en cascada';

--
-- Dumping data for table `tab_servic_servic`
--

LOCK TABLES `tab_servic_servic` WRITE;
/*!40000 ALTER TABLE `tab_servic_servic` DISABLE KEYS */;
INSERT INTO `tab_servic_servic` VALUES (505,1020),(505,1025),(505,1030),(505,1035),(505,3185),(505,3186),(505,3192),(505,3193),(505,3240),(505,3241),(505,3320),(510,1040),(510,1045),(510,1050),(510,1055),(515,1140),(515,1145),(515,1150),(520,1190),(520,1195),(520,1200),(520,1201),(522,1290),(522,1295),(522,1300),(522,1305),(522,1306),(522,1307),(523,1310),(523,1311),(523,1315),(525,506),(525,1320),(525,1325),(525,1330),(525,1335),(525,1355),(525,1356),(525,3302),(525,33020),(530,1365),(530,1366),(530,1370),(530,1375),(530,1380),(530,1381),(530,1382),(530,1385),(530,1386),(530,3315),(530,3350),(530,5005),(530,5006),(545,3160),(545,3170),(545,3203),(545,3218),(545,5004),(550,570),(550,3191),(550,3213),(550,3219),(550,3304),(550,3306),(555,3201),(555,3208),(555,3220),(555,3312),(1040,1060),(1040,1065),(1040,1070),(1040,1075),(1040,1415),(1045,1080),(1045,1085),(1045,1090),(1045,1095),(1050,1100),(1050,1105),(1050,1110),(1050,1115),(1055,1120),(1055,1125),(1055,1130),(1055,1135),(1055,1420),(1140,1155),(1145,1165),(1150,1175),(1190,1225),(1190,1230),(1190,1235),(1190,1240),(1195,1245),(1195,1250),(1195,1255),(1195,1260),(1195,1261),(1200,1265),(1200,1266),(1200,1270),(1200,1280),(1200,1281),(3160,3161),(3160,3162),(3160,3163),(3160,3164),(3160,3317),(3170,3171),(3170,3172),(3170,3173),(3170,3174),(3170,3175),(3186,3187),(3186,3188),(3186,3189),(3186,3190),(3201,3202),(3201,5002),(3203,3204),(3203,3205),(3203,3206),(3203,3207),(3208,3209),(3208,3210),(3208,3211),(3208,3212),(3213,3214),(3213,3215),(3213,3216),(3213,3217),(3219,3224),(3219,3225),(3219,3226),(3219,3227),(3220,3230),(3220,3231),(3220,3232),(3220,3233),(3226,3228),(3226,3229),(3304,3305),(3306,3307),(3306,3311),(3307,3308),(3307,3309),(3307,3310),(3307,3316),(3312,3313),(3312,3314),(3322,3323),(3322,3327),(3323,3324),(3323,3325),(3323,3326),(3327,3328),(3327,3329),(3327,3330);
/*!40000 ALTER TABLE `tab_servic_servic` ENABLE KEYS */;
UNLOCK TABLES;

--
-- Table structure for table `tab_tempor_factur`
--

DROP TABLE IF EXISTS `tab_tempor_factur`;
CREATE TABLE `tab_tempor_factur` (
  `cod_tercer` varchar(15) collate latin1_spanish_ci NOT NULL default '' COMMENT 'codigo de la empresa',
  `nom_transp` varchar(250) collate latin1_spanish_ci NOT NULL default '' COMMENT 'nombre de la empresa',
  PRIMARY KEY  (`cod_tercer`)
) ENGINE=InnoDB DEFAULT CHARSET=latin1 COLLATE=latin1_spanish_ci COMMENT='empresas q no deben salir en el informe de factura';

--
-- Dumping data for table `tab_tempor_factur`
--

LOCK TABLES `tab_tempor_factur` WRITE;
/*!40000 ALTER TABLE `tab_tempor_factur` DISABLE KEYS */;
INSERT INTO `tab_tempor_factur` VALUES ('800015838','COGECAR S.A'),('800021545','LA FORTALEZA'),('800060686','TRANSPANCE'),('800126881','INTERCOLOMBIANAS'),('800145983','REAL TRANS'),('800170542','TRANSCARGO'),('800181408','MEJIA S.A'),('800211782','OCCIDELTAL'),('802017639','INTRACAGA'),('805019378','AGAL S.A'),('809012183','INVERCARG LTDA'),('890301070','ATLAS LTDA'),('890301071','TRANSPORTE CENTRO VALLE'),('891700037','MAPFRE'),('891902339','TRANSMEGA'),('900113804','GLS LTDA'),('900167384','GRAN COLOMBIA'),('900221755','COOINTERLOG');
/*!40000 ALTER TABLE `tab_tempor_factur` ENABLE KEYS */;
UNLOCK TABLES;

/*!40101 SET SQL_MODE=@OLD_SQL_MODE */;
/*!40014 SET FOREIGN_KEY_CHECKS=@OLD_FOREIGN_KEY_CHECKS */;
/*!40014 SET UNIQUE_CHECKS=@OLD_UNIQUE_CHECKS */;
/*!40101 SET CHARACTER_SET_CLIENT=@OLD_CHARACTER_SET_CLIENT */;
/*!40101 SET CHARACTER_SET_RESULTS=@OLD_CHARACTER_SET_RESULTS */;
/*!40101 SET COLLATION_CONNECTION=@OLD_COLLATION_CONNECTION */;
/*!40111 SET SQL_NOTES=@OLD_SQL_NOTES */;

